area_id,archetype,region,region_position_km,population,poverty_incidence_pct,elevation_m,distance_to_coast_km,avg_annual_rainfall_mm,historical_typhoon_frequency,landslide_susceptibility,infrastructure_condition_index,grid_redundancy_index,road_network_connectivity_index,water_backup_supply,hospital_backup_power_hours
0,inland_flood,region_4,160.17168981671188,23197,42.77413290243393,34.54833655472036,71.16953222842801,2132.124106321939,0.8840104796907942,0.20824455327732416,0.5050937962553018,0.5063887376685758,0.3799551264154675,0.47833480740425033,18.294923211252694
1,coastal_mod,region_4,231.55816225317773,19243,12.680166356891611,9.14742295564582,2.1906777912766007,2378.1921351464657,1.7378637159043044,0.11871333935441228,0.40467610561198447,0.34426624277561385,0.3425262119170576,0.4180429421453398,13.597257718636934
2,mountain,region_5,113.66038690438717,2383,50.64518287115089,286.9551476819066,90.10209555456584,2335.0414100104963,1.165743041872616,0.6554983828295182,0.3466432798709562,0.24896744546034985,0.24975164471472555,0.34901065036703915,13.903054034313168
3,inland_flood,region_5,176.25584776675217,18172,24.09941870888327,194.9006751235133,60.61271470053369,1899.3079204548446,1.3264318878252495,0.19132681940820703,0.4924032008758947,0.3280962519386653,0.47620914299817013,0.41895958203840516,23.306155979381355
4,coastal_high,region_4,289.86078761045286,13487,30.960582947789444,19.91699534935429,0.5054698684763628,2916.4562553976943,2.255355922208219,0.21917391041819717,0.4877253031033774,0.44308710735163426,0.4520332201915628,0.4880211281859397,30.379479376812878
5,urban,region_2,156.5940342354152,94785,47.23998816441046,45.02068108969574,12.237100720155555,1931.0468513037592,1.1630936505074911,0.20890026730206268,0.5914415626711097,0.569820795664614,0.7155494446220092,0.6143272206589756,45.26814506755628
6,inland_flood,region_3,272.93927295526333,20120,43.97806607624954,58.889013456652805,38.688203047458366,2250.330246334309,0.9972807977716801,0.15164570051878723,0.5837365067002365,0.5866609060281383,0.4708384903833437,0.593312677360975,34.354510484150516
7,inland_flood,region_3,238.10178727692806,26643,35.91913491828802,198.17380638611854,25.598438234941685,2370.7840816802177,0.8722909625289178,0.18973287899509866,0.6014530708591225,0.5213965246852716,0.5050024495617034,0.4642848298960735,32.42322240386808
8,coastal_high,region_4,17.615604495044913,58339,55.93436779377981,13.011677831095,2.2971038720458816,2263.445286809689,2.639978953954888,0.1874888410486234,0.6162145374791482,0.5873569906276042,0.5466403826095704,0.5893452309095418,40.77351405917578
9,coastal_mod,region_5,128.72966144077705,34673,33.766044024813986,45.083435992971,5.640143837855842,1956.9440765283773,1.7006821171395803,0.15820752870586674,0.500253170196968,0.47813504218256153,0.45348988537779245,0.5770435777963407,23.421120086213634
10,coastal_mod,region_2,209.49552236057644,4693,22.109255383545857,28.41905187087087,7.069438026275513,2009.0065727548886,1.3725430799428369,0.16009800447048456,0.5309339061505319,0.38343849811155917,0.4953089973893006,0.34313243460284204,22.028766263274246
11,mountain,region_3,296.01357373445995,2907,44.297567278206714,2084.092471726789,137.04896945245488,1666.5186871232934,0.6220575129686188,0.7400606208264231,0.5188532901492433,0.4152691275316551,0.4003380780243177,0.4752065308812025,30.139800296843
12,inland_flood,region_1,137.51288734845377,87449,46.4477754567113,89.33654180266927,36.71154707489465,1859.1791805098426,1.4622519064611452,0.11210194704170681,0.48135369715865334,0.4830788817960663,0.4760996522237257,0.448288324576749,21.42348743771199
13,mountain,region_4,27.835636238021834,3856,26.463899313404347,1051.738210605279,106.96353302613839,3050.724868609753,0.9410052406632903,0.6834362725207552,0.3864903005688525,0.4727090585494509,0.3623346101408032,0.5344481270457893,28.838332371983956
14,coastal_mod,region_3,168.60275241386034,35906,56.285806686805316,13.648951787488734,7.992983969375936,1834.0485601826283,1.3609497619409796,0.1151556887497221,0.6342989767159907,0.5678220513595459,0.5940264255503082,0.5191846113127087,40.76636385866998
15,coastal_high,region_3,37.96913763718809,19570,37.853883522341214,96.91936283200441,0.7314196453832162,3130.0784434615794,2.6648958159156875,0.07167282872844612,0.49867482154152165,0.5661031934183612,0.4339904128966239,0.5865030962202483,32.81976627432516
16,coastal_mod,region_3,225.45586808381802,23476,31.940979246572216,37.658064596505085,3.7830133484689448,2048.294439716423,1.2470153559865795,0.1577781472294842,0.4545746593197019,0.49965040391909793,0.4816233076666618,0.4364604455460931,26.36744526446768
17,coastal_high,region_2,152.30309923853335,20538,13.211405827077769,11.135592933093594,2.7304990939215257,3445.6142548411012,2.1043219296011397,0.1481591472091709,0.5063450291022622,0.5592051800219806,0.6064383940521662,0.5002039952973104,32.32267788881593
18,mountain,region_3,217.02941051318595,16405,37.21119071075203,220.63919185403316,42.36955698319156,2059.093467342286,0.8307723154872706,0.74181956565944,0.5630861174676425,0.46162770207669185,0.44504344818231617,0.4718794732720314,27.39031762551838
19,inland_flood,region_4,260.8085480635571,20118,38.72372706531381,18.47803945840808,75.6949938533717,1956.8054150533521,0.6050292485074478,0.21334751964206194,0.4055235960972248,0.2879155669439397,0.19297760774039674,0.30903724152957296,6.715254963265722
20,inland_flood,region_2,188.68440514883315,12598,42.358740656337055,69.59892826432943,49.289335673706574,1726.94508044228,1.0947206096277844,0.21738859214581702,0.48178052163673957,0.5177858426467264,0.4649811780128661,0.4617751560597682,35.41538801774733
21,coastal_mod,region_1,183.73179877595447,9507,28.09783735347786,87.78498153943603,7.144326308576013,1959.3047292449608,1.1712965765964647,0.2224038775960105,0.5595355489280437,0.5561039021830271,0.6079578146747832,0.5735494356222802,41.886412921220526
22,urban,region_2,226.3710886318894,315106,11.932681503246176,42.50485816799557,9.320571162403201,2501.4537500575175,1.1287834803066632,0.1128628467979104,0.5433041272955397,0.5288147515672468,0.5190848629614837,0.4124332150594419,22.20924902219027
23,mountain,region_1,252.73650043580022,3322,46.00068588209204,234.92386616511106,110.5722656427694,2637.26834256949,0.6886693561795009,0.6323643240650625,0.3754523351175256,0.23607129641357588,0.2876653998343245,0.16527183204867846,13.4555974671831
24,inland_flood,region_2,260.71613588310083,25386,17.165716946863814,69.48689441545115,66.3791450856796,2308.645333753235,0.8238789390088169,0.19770916321428159,0.5057196808465976,0.3515306016960081,0.30357698346583334,0.4953375575087806,24.205096499484128
25,coastal_high,region_4,10.92905870486499,386094,50.06250384536543,63.857122813172545,0.2014082759525041,2073.7642796039872,1.948325660795256,0.22018370300652518,0.4264570130236023,0.4532626861376672,0.4923993784298959,0.48614066295503683,24.909012659238073
26,coastal_mod,region_1,166.85708903933678,64869,14.785466808870826,32.264490846808656,5.022146712317116,2429.1899586052705,1.4741642532859913,0.22834380378341096,0.4884125096014291,0.3523999832634858,0.48598253327970675,0.38430206346430734,21.568396362421247
27,coastal_high,region_4,64.88079293926543,69321,50.4458939338317,31.950024559164206,2.7718117343155764,2211.4226733118116,2.153322072254286,0.17478868803605813,0.4215607522364679,0.3368647239077579,0.40265124800457014,0.401846037500306,22.551920909139273
28,coastal_high,region_2,258.103767234535,33622,29.63094784333751,20.06000105354421,2.868371171879871,2065.072594786859,2.214402441462435,0.05050313989494616,0.522588284292621,0.48023654106657043,0.43070472054762965,0.44061943370157736,27.644118886198836
29,inland_flood,region_5,194.51930556100834,3823,43.511962032073995,99.40248844789771,78.09928664020117,2071.6298416560667,1.706136422938694,0.1699570217916217,0.40532468590988674,0.36499378528709,0.3468634305466887,0.3155132711758605,10.113086395538376
30,inland_flood,region_4,126.06674370973144,6261,22.816903895296985,34.21399053917139,58.74997275607622,2068.561500023424,0.9533316456702408,0.17834910559498704,0.39852748528074616,0.3448672170201975,0.4496188217679471,0.27663856498686334,21.983472559476414
31,urban,region_2,56.43126843640539,579357,8.481775130039704,0.348971190208903,9.499302721872976,2116.0037358897453,1.48148428667091,0.21260963690317836,0.5217887583725902,0.25084824638228087,0.41815465376451577,0.3832084293863044,9.53780607369496
32,coastal_high,region_3,101.70708777594794,17840,39.03387679268232,8.67583652763682,1.657395200331881,2887.0233650510663,2.4156248798007938,0.22162776364911424,0.5390981407243985,0.509909863275586,0.4717773775947891,0.4460293847290084,29.087148722212827
33,coastal_mod,region_1,211.13330836206737,12589,39.33862795042323,28.994318819586578,4.860426873213514,2505.748211171787,1.3811430126907178,0.19597069600717237,0.4389157059702295,0.42333723155531633,0.41310319473611284,0.4286474977157989,20.10903150300887
34,coastal_mod,region_1,61.30786356349164,19292,45.088024248992426,40.117001475480635,4.896943443065285,2714.4052687177955,1.4821397394635114,0.12131267902601718,0.6166075726522972,0.5726445266647889,0.5461373672429924,0.5196121396839,35.96005348243992
35,coastal_high,region_5,28.074883601511825,13962,35.52642141057172,17.98528779631525,0.127224805565066,2123.8628006776657,2.206209457078728,0.09884747888581685,0.5542424246375095,0.510591433373942,0.48706372737084064,0.44330442361643363,26.494865602679077
36,coastal_high,region_5,266.4086274682653,12039,29.237939222952047,17.68546343938146,0.2666138578002626,3200.80649818009,2.2607675187134437,0.17699634528748473,0.5758276199022742,0.4685792213684331,0.3716971177107394,0.5078785363817978,29.321538636803915
37,coastal_mod,region_1,229.26310487403504,21154,20.171269657673456,88.3018479280277,4.955332574113995,2858.809021393452,1.2240449631955588,0.11186856676424647,0.5835582928271794,0.4835450311041147,0.5354383840534214,0.5270552969125859,23.89069890659696
38,coastal_high,region_2,59.938479197439776,16278,31.43387512772986,10.096894755198573,0.942649290115456,2453.5079934191863,2.051736607126053,0.22392715223540408,0.39481212309608704,0.27537119600761556,0.4009665924146211,0.3320739104195252,14.04080768819986
39,inland_flood,region_1,87.6934630289975,9968,12.922377711522866,69.84722288686852,38.085529100594044,1499.4524950780471,1.0050766759849228,0.0659501148385668,0.4387104913807912,0.44277947757207975,0.5388716771825816,0.4484974952456156,27.067001317829096
40,coastal_mod,region_2,291.6210531392657,11790,25.830414788250273,10.480840469642114,1.5475251145197584,1715.7753804258086,0.8084289068447018,0.17852110324282944,0.5357263059020317,0.49126620121002057,0.5322514563708572,0.5061590234198382,28.411579776462403
41,mountain,region_2,212.4553460277352,15837,56.4992438095875,1716.2600974863444,126.12839633209065,2169.074309533144,1.3488218369295975,0.7449236447638832,0.3511004842386758,0.26891004485634007,0.24883355863769793,0.257836622456912,8.83798246246673
42,inland_flood,region_2,183.1566012641474,14977,36.67450074911905,83.38293476772117,77.85971022323778,2604.2424770922266,1.6482574053997388,0.14106802522063952,0.45513780005112486,0.42292849806553423,0.3921778422017452,0.4542393865914384,17.89058379543573
43,coastal_high,region_3,92.2885456272391,30923,41.36249730641016,95.67377356064088,1.8832740095899072,2606.8320000812714,2.2511050779774147,0.1053578454147536,0.22824564881539325,0.22473092913570247,0.36653665373510286,0.2924175781904755,16.416912321001305
44,mountain,region_1,89.73754324995667,16936,44.029381968294345,389.02278005217704,143.45038747277064,2091.4079416240934,1.0996407531753014,0.6034725458176624,0.5305298416651778,0.3858231760951301,0.5208257159196739,0.4750170436430819,39.071022220865046
45,mountain,region_5,11.85708560706914,8709,44.45788476026382,3069.569906620654,136.06609878124652,2057.2988708213516,1.224317301015149,0.7252007423401934,0.3767444598393364,0.35081070803363407,0.45897733885070724,0.3064212222151121,20.216883080881423
46,coastal_mod,region_4,218.54456007057942,17630,18.350280390246887,18.382468569196845,1.7434158274642497,1737.047186247973,1.0025990781265193,0.12461588450755165,0.5193577170465199,0.36909805302014276,0.3797324485575437,0.3333036394850385,25.067313742016047
47,coastal_high,region_4,12.952567517065361,55459,25.269305746494435,19.236156182409058,0.4605777035306141,2949.830411872156,2.4784833835853273,0.20591127503239637,0.652075580849713,0.5553544989467295,0.5053177684772677,0.6144475955091288,38.7689344905634
48,inland_flood,region_1,1.4572013331837108,30778,27.009868776516395,19.837948538656157,32.6952071317168,1972.3793765842747,0.8720680616697325,0.11119181016476642,0.44582689379429863,0.32579519957922004,0.37133493096394393,0.44170322030141024,15.112536847123511
49,coastal_high,region_4,218.84852635829375,31813,37.40201187998366,94.84650156493171,0.2886281515967246,3439.931803904973,2.8872172689450535,0.1742382368202382,0.5219673859838146,0.5157358529424483,0.40014228650456096,0.42999208059341165,26.298913810799746
50,coastal_high,region_5,284.6621271447376,39048,40.83520441886252,34.87251215678141,1.748637500960876,2851.28375857058,2.1435221290003916,0.0859761788269289,0.5132049102224902,0.430985009955007,0.39280072139390965,0.5179258507303214,21.125304670488347
51,coastal_high,region_1,226.95091431819316,17968,41.862674495386074,35.1481512335727,0.8479501285126887,2931.974526422908,2.4724546669514984,0.1746052277046568,0.456222624908359,0.4428916399525598,0.3913761614512444,0.356119289027568,20.29649164252562
52,inland_flood,region_4,141.4920571873136,9058,50.17852302772273,31.98795084160217,74.77500168508578,1927.3685507771966,0.9464761208919601,0.03865449961690097,0.5520997563226872,0.5354517606455109,0.5332696917875527,0.5846418872836242,28.893293818518572
53,inland_flood,region_2,145.8135748682619,33366,22.915425053976243,4.718832657596738,56.804466393634144,1672.6908985479536,1.659007826899134,0.2548443979742667,0.49903656219511355,0.4270858345041524,0.49462099053878117,0.5567739109618807,29.586524511751325
54,inland_flood,region_4,130.84092679473162,25743,25.184376727806356,49.574088922143666,41.576633346123884,1737.925705901246,0.8462949348883284,0.14378275333517956,0.48025917994186756,0.5854123052113209,0.5018997690226598,0.36987105945652443,36.980361209518676
55,inland_flood,region_3,97.39310013310009,25958,25.519019898302485,42.066087381968856,79.07843791786289,1589.2259168332755,1.3495266361982168,0.010984461518464522,0.5582570000121778,0.43158423440326443,0.33048891694563837,0.4898176052302782,27.810575885981343
56,coastal_mod,region_5,156.51426425575207,27575,46.167439902581854,6.187540271906665,7.625555967134963,2518.6381519363317,1.5880033647355838,0.11421688691021106,0.42191295310688515,0.3149530421360773,0.2778439227173472,0.29844065757186267,8.363688219323425
57,coastal_mod,region_1,129.3452871423345,22855,41.13853701438676,32.711437769998426,6.228921882473602,2065.2796844639397,1.521292988499248,0.10676860809343068,0.5701983412239435,0.4749695244392509,0.4606220204247132,0.4659062999839477,24.796666049549778
58,coastal_high,region_2,179.4503640122324,67966,28.774281579553396,26.230611701023168,2.3750510263189044,2981.0002158368266,2.268702220313432,0.11765150583050102,0.49377276981239815,0.445087165658556,0.42466986214197416,0.40949160420942926,29.054894573504797
59,coastal_high,region_2,269.43602415032836,84254,36.86082593158826,36.630410311299826,2.9318103945734695,2654.3657609230254,1.9998962446909414,0.13238574838356876,0.5025102572353118,0.4212334992840825,0.30737668763423087,0.4081079301385927,19.481842478700433
60,inland_flood,region_2,298.50282519714307,37383,18.790573099696743,5.799504162875866,56.02737335839762,1912.1544932688662,0.22418310686977683,0.11696695830243946,0.3437301660304525,0.25478934259806707,0.24237056913187807,0.24732262288519916,13.977172320249473
61,coastal_mod,region_2,23.622986964875135,20320,18.41408747860733,13.195633409848611,7.040158794654836,1790.6390077610076,1.7223176325384844,0.10940195718432574,0.49320729345671654,0.41472005578446525,0.39920892118582335,0.37552681730563897,30.747359344872535
62,coastal_mod,region_2,115.40504179840242,66809,23.170273950023965,20.64534336451993,0.5186217783999254,2305.571456536937,1.2533482668967146,0.09241406221317694,0.4989724133665965,0.4107158580679633,0.4684279342864845,0.363695653539768,22.51933570144793
63,inland_flood,region_1,54.21185873004284,21650,47.707357770586825,145.6302409341605,53.24375116725933,1934.4100950659615,1.3508800431046089,0.19354570929765494,0.4963151907728441,0.3847126378773392,0.37128783195407716,0.28705980128662045,20.30960261931268
64,inland_flood,region_4,105.6361421776601,29908,43.824000302707724,143.7041885920268,50.15098036809948,2270.655178386626,1.1055093303746995,0.21248053355538693,0.5855848428981516,0.41255918108402956,0.44386868898942017,0.4640125033321314,22.661561693554287
65,coastal_mod,region_3,86.2419055645269,27602,24.243448263508018,55.80448085605969,0.301790897766792,1949.6062634435405,1.7600770343060361,0.1382125219489102,0.5395265613668689,0.473761263395029,0.4581883054749872,0.48527200602414056,24.88212238690085
66,coastal_mod,region_5,52.36113948803649,26838,26.23679564924606,32.235815177861944,0.6956158825930645,2415.6377207239625,1.640567756032842,0.14966186526987088,0.5187015619767763,0.4814926508647271,0.5090681322483542,0.6714315838243152,31.771451544209317
67,coastal_high,region_4,229.22281602638714,18728,24.162558880211332,56.97142506472044,0.06551677205061945,3256.339366489015,1.46059144585624,0.09464435209028055,0.31062532985599284,0.2537970500637543,0.313821200635494,0.28961038920658344,8.518357607220818
68,coastal_high,region_1,148.88662284877074,68269,29.445670520215785,30.48773071333552,0.8820450134593391,2709.022365863888,2.3844686848743994,0.1540652490341006,0.4097201333123299,0.3370400731740017,0.38598184430369276,0.4436026119019738,26.531233754726575
69,coastal_mod,region_1,275.77367466516773,214536,26.85897555432656,91.31169019933843,0.42808983613021123,2474.8520084596585,1.2968973543156546,0.1630382751877898,0.49969425040087884,0.5208303550428159,0.45371676780783055,0.45030405501228504,25.864648813653947
70,coastal_high,region_3,9.777732974104348,25917,40.14470553694869,34.63385490025231,1.2694790542824048,2828.7560984710317,2.549503356180453,0.13961421325701528,0.4244275248109625,0.5185100071968396,0.4599217365035583,0.5860435412020376,40.033851670098464
71,coastal_mod,region_3,20.093403939596975,23313,31.840732968796313,7.30972001101291,6.50197129098334,2864.3320195811325,1.57736224854104,0.16992703655649743,0.4133261363638686,0.3598907910791172,0.3336034854775886,0.36620962337981827,20.34300564615399
72,mountain,region_2,120.98207487910322,6623,18.251074051870155,69.1446591633698,103.65957701237792,2585.7802108469145,1.0808907113896822,0.7166016511834236,0.4631818148840434,0.3883469017717227,0.42663094182079125,0.3573397146816328,22.171043513059324
73,coastal_high,region_4,24.083196121211138,23406,24.28511378903361,17.747879510495505,2.0213697368899037,2879.983540694204,2.118327161287525,0.09759237096807838,0.38682330201608317,0.30093446182028677,0.3763782019706145,0.2605341301683588,10.910788628913705
74,coastal_high,region_3,78.81887892445005,145801,45.26947476252754,46.69889568470337,0.09452006132890767,2585.4895885936176,1.9262181423676628,0.21044001159310874,0.49147370902775983,0.46225935288750064,0.4161505046304993,0.515883768347675,28.74491304131964
75,coastal_high,region_4,295.8089229229871,19817,38.76870226211027,15.597857847533307,2.518579080767602,2290.2445857268963,2.0701339123088425,0.13988076459799267,0.45590321982500265,0.4607530405169718,0.40197688747868726,0.5713870084987652,30.922818883586295
76,coastal_high,region_1,62.687882245384216,23702,33.48459756719083,64.67334661442736,0.4385711381489722,2116.7297257275322,1.6600323215407156,0.23486937783850625,0.5828896763481343,0.5106020310778471,0.5527555555660609,0.4537319124149821,33.18508309943522
77,inland_flood,region_5,59.43532242362721,5064,40.35364966030365,116.63452921774395,38.15905256194922,2380.0772196910025,0.8228968796360063,0.1729882182410905,0.5691783445836199,0.4891421405120716,0.5089414934424,0.5530039208159285,28.927446911036917
78,coastal_mod,region_2,172.0922006387127,12014,26.548546554993695,101.33427536656959,4.134351159467092,1847.074220030111,0.9607522701381703,0.250255787166842,0.5043297088330039,0.44231503237806,0.3658122454635735,0.4914747293853652,22.129837563091883
79,inland_flood,region_3,149.39948723794703,4597,45.476115549890736,48.44777082051574,75.79960586078951,2223.7593499350296,0.5686777588726568,0.20958059136185922,0.3708522079875712,0.47920264936209184,0.2346568598233107,0.39621367060248264,24.971131173854282
80,inland_flood,region_3,174.13148916085345,29894,38.84342313740996,27.822011184359017,79.88895010240776,2124.8049891151286,1.034943654167863,0.16182873479479504,0.496326462511253,0.49975269328619376,0.41668214512688234,0.45659365144442843,30.501352867562876
81,coastal_mod,region_5,113.020583462564,206851,27.494221970970212,15.006821629363982,6.261285468971279,2521.224870713506,1.5602146818511882,0.1140977656855563,0.5691676914241433,0.47476874929171675,0.4755322775424592,0.5556244353587348,29.450359973418053
82,mountain,region_2,248.02870796848413,7115,68.72661989768606,1483.0240120406106,117.51770684729631,2142.6439887083907,0.8904619559474353,0.6899347008791781,0.4618889414885534,0.4169773841919681,0.3553240253392491,0.3011436093021721,23.503036742796446
83,coastal_high,region_2,41.57416543273885,8102,35.99740224326503,4.860688605696872,1.5830469921360952,2283.7080342067156,2.0503628507984795,0.1767336959067394,0.5572061233070309,0.600117471757027,0.5616600085168584,0.5628071013946153,38.52714452343713
84,coastal_high,region_2,128.5177937524397,81633,49.45061235906401,5.239312772340819,1.9968820139974859,2751.348735239903,1.9157775513283224,0.15724467182233925,0.5624124048653681,0.4788176731178636,0.4454327261682287,0.6282991689216679,31.07347547334659
85,coastal_high,region_2,206.9285545332261,18878,47.95731125555672,14.801971123857633,0.4332725262850612,2483.0633307169946,2.1048421022905868,0.1207983421542613,0.5064125949616232,0.4568949237506715,0.4556449782809688,0.32534451815806487,34.67703121542168
86,inland_flood,region_1,260.4709320848699,50994,23.201817535862975,79.00684886882816,36.15176723449096,1630.6914990181165,0.7533330876316763,0.19298554775731114,0.5844997515057211,0.5492286115743638,0.6584306904666694,0.5993991584271928,32.40494269877538
87,coastal_mod,region_1,110.8714819070273,17577,26.300614027872033,20.963054630352215,7.877142907976676,2878.483939819121,1.3811507773636065,0.15229213493303007,0.38753210681966405,0.35703898950707885,0.35332709307904964,0.3655146157559819,15.035273673377183
88,coastal_high,region_2,170.32367972812582,20565,54.292338725495156,53.97272223242857,2.9388450694366153,2283.4367336149817,1.7435404677763287,0.19286080895109184,0.4561510081953738,0.4610785554216829,0.47278835852157425,0.4258632769400416,29.67669184343975
89,coastal_mod,region_3,20.741983502178453,19103,27.949046865414733,102.33375279966293,2.583779157302504,1852.228550805245,1.6103952734617182,0.1029524847634967,0.5690304015993496,0.46304546186800694,0.49464082678610494,0.5564999439335312,30.75187650534378
90,coastal_high,region_2,51.095726433548684,71825,39.61333331819391,0.8025113898303416,0.723145717714678,2503.145692728249,2.0298906633772926,0.19998711876943304,0.5838277428960623,0.5224381460055446,0.5630839614624845,0.6262640601311127,45.72401137437987
91,inland_flood,region_2,20.741448739834347,15033,27.637258044601314,93.66920636405327,33.77108448904511,2375.857570747374,1.1128770700847015,0.17662962803765958,0.5131184777624433,0.46246068451294464,0.4622648198300009,0.37135261466674296,23.1090647560668
92,coastal_mod,region_4,218.36426759955657,14803,38.925275526714955,26.107480564255376,3.8789150680335966,1441.6427349067344,1.6661665986893575,0.2103188188846426,0.47855005316643257,0.4686726693058888,0.342414390301771,0.3608511133952457,24.091751451361024
93,coastal_mod,region_2,86.4179906166422,18787,25.596246130271638,80.34296189222725,1.7901326383288447,2609.4592651014073,1.4983612645792999,0.20022661064771358,0.5478905832942265,0.4521891359114365,0.5007876646570785,0.5583874769649465,32.81758517889051
94,coastal_high,region_5,217.12358705755133,11560,47.86845487151179,36.01566632514326,1.9454898976520831,2235.410599417479,2.439738036879425,0.1463597797037058,0.41148854298801385,0.412724873210941,0.28454592011853025,0.3768922798350668,18.979945617969314
95,inland_flood,region_4,19.919483712982366,24775,39.817367974629754,76.19077930291863,24.489188681236115,2079.357572032476,0.38000822114377864,0.14301632677168918,0.46627545004291615,0.3619934848433238,0.3594553491079829,0.3430503177267043,13.045733221907366
96,coastal_mod,region_1,258.76434012249763,5274,39.160302725014176,37.61537799076068,0.8294177793538138,1963.3975633966697,1.2521430008888341,0.23978598052804584,0.5768560560725589,0.5594295783347022,0.6227855050061241,0.5389598621700472,37.15348871075702
97,coastal_high,region_2,250.65905943332749,24350,50.11865324644491,5.269153456125583,0.8308028248074018,3396.7667416008026,2.5309230000367253,0.13556044746454834,0.5885531689947954,0.36405149102404083,0.43797510615623736,0.3737666919393851,24.115901827016177
98,coastal_high,region_1,26.678622915084794,71929,39.6153702213325,104.96568554552373,2.3323297001352845,2649.8480346569404,2.3527688614948667,0.1891920639131879,0.42841872933337427,0.342069920236701,0.4178261349872705,0.4422383220600713,24.457923433399223
99,urban,region_2,7.126951937155956,321846,16.043832997135368,10.43069380869232,4.84934308563018,1887.572534897629,1.8545389796654388,0.13110657722678287,0.8574649506962203,0.6159064174808719,0.7562256568249671,0.764742850350034,49.71191407414656
100,mountain,region_2,16.886643894597352,16836,25.124682048876444,3092.1187740113505,86.4980138740622,2249.4543390811546,1.4113141439901051,0.659058337788964,0.3760532852068332,0.3753112822457437,0.403167396016065,0.42117770990591086,25.617642281388992
101,inland_flood,region_1,256.0890519440202,17119,46.40860125045393,109.89572577108271,59.39732276055089,2026.8911224705062,1.089877640335191,0.09048657544134603,0.5380405526548774,0.497880812741023,0.3733931332709277,0.47314764221515365,24.92398658290856
102,coastal_high,region_1,70.41104671556873,104065,50.561697551187294,16.35823460664724,2.3656197659189218,2671.07064310488,2.1244064143345582,0.17057194654778685,0.3787205891264694,0.37617658041267377,0.47445483945048617,0.3788057951486729,13.191856429499495
103,urban,region_3,164.4819953574566,467343,37.95331855085106,19.061661702653844,4.60663531836979,2231.6287450563964,1.012468386079903,0.18537808400025346,0.515131756315381,0.4072476917277541,0.41037548688468894,0.3266617455473818,18.446901194611204
104,inland_flood,region_4,127.87326095401703,25768,43.20473881508688,13.364741590582863,63.85816466985332,1999.5786176953054,0.8572574303394258,0.17068608372197802,0.413068050634872,0.3211837117828237,0.12992094121920642,0.17693965807255635,7.059705712192726
105,inland_flood,region_2,238.65765786858063,37874,23.732720581402695,68.71745845541817,37.16404426107995,1586.8512750173852,0.8775259274531901,0.20845648187059387,0.5543672207904139,0.5170834067840748,0.421006542990764,0.6234352264238235,31.05962368699597
106,coastal_mod,region_5,146.6694904412012,40148,52.00310240632108,7.953636697061557,5.155729666932846,2080.906315184419,1.2220252422854854,0.1696971558986011,0.4968619477337611,0.384933135228696,0.43860502698894877,0.4619424536821444,15.488740211402755
107,coastal_high,region_2,150.1982521983809,24452,32.736113989530175,56.13672140103691,1.3526404223840744,2842.6633499363434,1.9244986756776863,0.11218508145078859,0.3412234097287694,0.42876139315703904,0.17820605358973163,0.14652185101276366,14.714411322794454
108,coastal_high,region_5,296.7275818499707,10834,31.150808998588005,30.787977103164017,2.7798834580518075,2332.0468774483998,2.320472976256614,0.18023438722586616,0.3519078016778712,0.3954660863031097,0.4768214844735337,0.44226278421743886,21.116466823694683
109,mountain,region_2,45.03886702477713,14448,48.8552404596436,977.6627877395273,147.85120634653526,2736.3906398491886,1.4089919034426703,0.7249699168014795,0.5300394288370206,0.4368130406367656,0.4764681516117193,0.5660426286395376,35.09362645303552
110,coastal_mod,region_3,249.21118162377942,34093,25.031414484721264,44.974204456638006,6.192984861522337,2211.1013465352335,1.6799770304690775,0.12198064656148236,0.478884438163711,0.43385135095561195,0.4526370118838251,0.3395530953129814,19.976445910289947
111,coastal_high,region_4,15.524923681165436,96899,43.75925528469015,31.736829034967577,2.7463930069302953,2512.903937293404,2.1032739825189033,0.17416124681277156,0.4473372531192177,0.45512838244521964,0.4030155500145023,0.40722461002218246,21.077965543666487
112,coastal_high,region_1,143.29463087189123,15635,33.19888251736924,18.943983868288566,0.4095127260725733,3077.657557015837,2.504208654280213,0.1542880225354403,0.5508581349809798,0.5668974550514783,0.5832501734927711,0.5676875771684591,40.8886829131213
113,coastal_mod,region_5,265.9004471799071,10666,47.469590048301626,35.208316915455,5.235711660383316,1591.6539944655015,1.5039952600516646,0.12034380522638895,0.4440431007636333,0.3461309751197395,0.3572793841728668,0.4369134956327565,17.137548849120133
114,coastal_high,region_2,199.56418968123637,54935,45.21862388118658,82.94427033541608,0.5951038247172247,2329.8716406941403,2.1877886947189475,0.1425056712888928,0.3431154672801772,0.3759010309849937,0.29947767422405736,0.3888838665480823,11.140992141880755
115,mountain,region_3,205.56438580983988,9283,25.198321837941055,2092.058324530462,63.2362205966938,3016.214354839388,0.8690631823057787,0.8059635649403647,0.4776428657204194,0.48636986093689,0.3545811763892096,0.3928637666257221,27.737478832871567
116,inland_flood,region_4,78.99518467694566,3989,46.0682319641974,106.5180783650624,51.36939447293769,2549.0147489460605,0.9400179586035209,0.2208409528420216,0.5032568972402067,0.3659116707842135,0.3932784309323867,0.2821535238246228,18.667699199939687
117,inland_flood,region_4,125.57243740843627,24345,32.026585478263854,43.63194032924595,64.51923614263994,2685.79774540151,1.195319836821181,0.16014311479125448,0.4960317482695775,0.2718629266240733,0.19501620886564475,0.33142568610416434,12.939139798791727
118,coastal_mod,region_1,109.97431904971515,5004,57.22227614896658,4.939240855325077,5.771952593563823,2217.6244356184066,1.4419010246829262,0.15294666443496358,0.6240540092847205,0.5332303853527885,0.5676603224972177,0.5723496552021865,37.09089603656926
119,inland_flood,region_5,156.43296304739826,8465,9.191353010787456,97.69977487147753,72.1675605174226,2137.3692138846627,0.781473160726903,0.07999553083992487,0.49436730851062244,0.3959117145839672,0.440193084765851,0.5151063381753784,23.06572736260166
120,coastal_mod,region_4,138.66837904310043,64948,34.44946007452941,44.87464743527758,4.474198817012697,2486.0997395324835,1.1669443672698945,0.23672512332226064,0.5557984805105864,0.5414783840926154,0.5250720911722959,0.45798090154811966,28.731897197797426
121,inland_flood,region_5,98.0695055630968,77645,26.07269677356147,55.30343245726236,75.58055920337443,2382.5225816474854,1.0917711943845005,0.20274985666451412,0.42403254484621605,0.39326277541597626,0.21504556720092127,0.41348741323472604,17.880050846169713
122,coastal_high,region_3,91.64418371135102,12160,60.78161515374701,23.520114805990435,2.6636657870609795,2725.2367738699045,2.3285953647049826,0.1879942750026245,0.35951280240255007,0.4338948535681875,0.23284927939162864,0.2440860737772791,10.21268605482907
123,coastal_mod,region_4,75.25586749653664,16923,15.466423803791965,13.846116740836113,6.792459915843923,2524.152123206123,1.3060602067049647,0.036496996406841675,0.4631416409929981,0.4063849128710107,0.30237409651214064,0.3532898949370273,8.10552179737
124,coastal_high,region_3,109.51417406542753,37735,48.937797473847944,10.922572973804611,0.6885603234130478,2783.9095201778086,1.8603983131761268,0.1522303555329519,0.5201287097802365,0.4500685920299314,0.5444263111744356,0.5402798611403758,33.801851004178104
125,coastal_mod,region_5,44.98244338021819,91581,14.132487991022389,87.29202386680412,4.251583945497573,2382.778379667932,1.7752895351255396,0.14511585491028378,0.5558183646189657,0.4640784093388392,0.4334491872071194,0.626559384452268,30.58361487817813
126,coastal_high,region_5,261.6312906010721,23304,42.73305568184688,2.00698297206971,2.208709791130731,2232.652305239968,2.5115813828581306,0.18417462221983225,0.4275699667690171,0.32856307279888586,0.5771408147771192,0.4696693586288499,25.433416325212914
127,coastal_high,region_5,180.6358175500282,23642,44.01325857212706,47.22615238354454,2.9283075235337694,2468.3145122495102,1.6037870497079507,0.12824498808008938,0.5340751080424851,0.3038586271039087,0.394947209875215,0.4070928004911995,23.886477453076655
128,coastal_high,region_3,40.135927678156634,146364,34.643193584591245,66.66569427189532,0.034941821211330826,2390.892320768872,2.601874876994059,0.13953889038170245,0.3736499799467869,0.3153884275381375,0.24873735387444065,0.3078973596571592,11.273518460066988
129,coastal_mod,region_4,208.15780026270042,16320,35.2573951247949,60.117420551594236,2.6169162715607897,1783.8865912475173,1.3373072608000958,0.18198460323830712,0.5696448635417926,0.40070868803014253,0.4491168810891929,0.46937873426742277,26.78999466020361
130,coastal_high,region_2,254.29994039939194,69562,19.884534300173616,34.770606537873626,1.0270507577575456,1939.357910315634,2.256996124008143,0.11190753187750543,0.5592872612355468,0.6646971800471513,0.525581045861296,0.5715311865919935,41.773366910323844
131,mountain,region_3,71.26070161567768,2619,40.277807072268004,433.2063908398801,64.6241483738228,2188.186250703926,1.2414669180157882,0.6786044392167121,0.33781906925715177,0.36543523133572353,0.23647896936454627,0.4249178524070858,18.178621368072513
132,coastal_mod,region_4,45.180178301179176,19206,15.65710003949055,20.71933707984029,6.539394398103561,2107.641185747309,1.895761635988716,0.16001578979870973,0.6559040219818323,0.5457618555403034,0.6199953548604497,0.6950939048794672,36.90468571663638
133,coastal_high,region_1,2.5851771401256163,8154,30.487844307531002,17.559014525844066,0.13521430993021222,2642.0148304111367,2.500859585513659,0.21722044014338027,0.4900059139003751,0.4686594308290826,0.5158694895272445,0.5082656082153282,32.688954274433335
134,coastal_mod,region_4,14.175101656945532,9467,25.726950008939774,11.030985134476735,2.875478000067707,2394.5082442940493,1.4723091496851677,0.19060953836946035,0.4949093718973134,0.6120078270605649,0.5687078449134688,0.6141668179433865,37.730261897600236
135,coastal_high,region_1,228.67540449105348,77287,44.328289643916996,11.59197971505268,2.1350538248281055,2675.248897442329,1.7873077941091007,0.2039657168376589,0.5360014007342353,0.6597282680444877,0.6506030888034308,0.7530831397840254,42.116381450010955
136,urban,region_3,296.15589961250816,260421,13.92008880992131,35.798054221367195,6.101095786604752,2022.9266467408272,0.6921304528045785,0.15376961974665765,0.5902824889269832,0.4366328444380661,0.5124630591753541,0.5282922039582001,22.66598540451124
137,coastal_mod,region_3,13.46409674288298,17063,17.689840458928778,27.75557333766373,1.152508669537995,1879.7057894780937,1.663447681707351,0.22522203401863372,0.4576421510519018,0.2797556748772282,0.2687704076466237,0.29757505535068224,8.053948985572465
138,inland_flood,region_3,224.4212877239678,9907,30.49535120973852,76.55495654641851,56.65114836554525,2263.1207292503655,1.402609103723343,0.06423207488834871,0.4793635470509753,0.45493024424606715,0.5125034166366564,0.48720356881691124,31.35897078958999
139,coastal_high,region_3,21.558649752288016,29774,53.78703581124839,52.23825996854836,1.5678307091808565,2559.2711130842395,1.9556065417485857,0.25199302520755096,0.4792707547441656,0.49270183834079534,0.40354512967180767,0.3983757495057544,29.22066002094717
140,coastal_mod,region_3,177.63984747110004,28026,25.961241381194178,47.5617691478073,7.85471068892695,2048.1735717475817,1.319066010578381,0.2583901381173553,0.47341962280017386,0.3340081924972606,0.3310094543758023,0.39610102973526357,16.206810712947913
141,coastal_mod,region_3,226.82258472847136,48355,33.98561015045948,58.434179776780745,5.988209752969674,2134.7410011553557,1.2328202334843634,0.17381638378400552,0.6417551786248893,0.5638895766951026,0.5385357816062865,0.6511692996531103,30.309182256183583
142,mountain,region_3,107.76131918032131,932,61.11935209427,187.04413126645454,148.3411185414821,2033.6278263226461,0.724829977953299,0.744767867583522,0.4541741762673834,0.5143338029268804,0.40798805857761633,0.5210059587063558,33.951507674542704
143,coastal_mod,region_3,3.280416333199121,11322,63.413569201206684,85.97565780375548,1.4908211289280136,2014.2641268061127,1.7224883551675894,0.1495500949483346,0.5816291003789826,0.44158801295131,0.4044185837664821,0.5819243821036248,23.766310145865802
144,coastal_mod,region_4,178.55680563762778,25016,48.93691660936126,7.547899051460913,6.092760074223219,2003.1395903484342,1.4655119398260927,0.1396488867049517,0.47167412827168465,0.32171950592258547,0.28594702714552983,0.3511449216967777,18.864667344157684
145,coastal_high,region_3,297.3733884420083,33223,57.10359063421071,15.658578240570407,1.65491465909975,2485.0650327998123,2.1312465065812995,0.11972058294743829,0.6561796735354424,0.452023086816091,0.5200221634220372,0.504347118198758,36.412749958817066
146,coastal_high,region_4,77.28522685154873,52210,39.8774701404348,8.737537425615624,2.1375284976036526,2862.301982727236,2.997256006153112,0.1476967688003704,0.5275133648518366,0.5285696446193857,0.5337576825896171,0.6446811790651374,34.324007146390954
147,coastal_mod,region_5,56.847383156164746,27283,53.85037261196833,4.977774819342331,3.740411700063115,2342.489223989213,0.9696737302977319,0.1778806302448975,0.47169243910547104,0.4321043214182588,0.5144136169274423,0.42064796300107477,30.79300673573036
148,coastal_mod,region_5,37.177767826054485,17259,22.931146494089088,45.66523831732194,1.6991265577033356,2741.3580925482743,1.5643733244487357,0.17176439432670995,0.48491468457637965,0.41729057680478054,0.531500281029594,0.4985746844527625,26.906409963875667
149,coastal_high,region_1,166.57668597001683,22602,54.89702135206361,37.33232608145996,0.13720999039537352,3084.6916368448037,1.8853065144483416,0.24995981045481125,0.5059658240073353,0.4354517004128641,0.3422296631272222,0.37848405604795465,16.87033280151822
150,mountain,region_4,178.933529808082,7935,31.100095989299525,2713.9889790806574,130.5945908792034,3378.210886617288,0.8527689384017276,0.7507885821097899,0.45406271337558485,0.4364259467937205,0.4324634174623248,0.49222662753450025,27.620443330507925
151,mountain,region_2,237.6812511511207,27829,68.8623214294698,1219.930718961687,127.77700183039912,2679.5792398354147,0.9445915153388019,0.6461342455927918,0.3400457381284271,0.2541955489545313,0.3342076439930361,0.3034431484487874,11.528003763899328
152,coastal_high,region_1,225.9219820861529,18792,37.21999946857322,11.524717884947156,0.48761920135900905,2817.2420889494124,2.4533787158905276,0.23240990999641603,0.4713855168914431,0.395056269995307,0.40233808466395965,0.44811804816534784,29.178829441234893
153,coastal_mod,region_4,267.7624484385261,20947,24.206551736956275,27.184292698958746,5.161447196350724,2029.4044778270024,1.3216454314516932,0.08941078354638277,0.5626985046118524,0.5127517983959714,0.49906342923724145,0.5740602716150692,31.12047533194481
154,coastal_high,region_1,241.7318095026904,42830,21.769749075074284,3.6179602834994005,2.213201101596484,2930.4059589981994,2.089915570660948,0.12209147519828562,0.415203531702872,0.31891040993140013,0.3880581949282181,0.3878377854490102,8.703761282949618
155,inland_flood,region_5,74.18012492383333,62835,27.278868944030272,47.569679296218645,53.45749972287143,1803.1649209870732,0.9162744706559476,0.16438947984055063,0.6165633818434445,0.5209915749649275,0.5169723535695365,0.6780006560577791,38.91950800080324
156,coastal_high,region_4,166.76322146272832,27714,43.877365249461924,24.15795174395644,0.9516867092883159,2011.8177902473685,1.8760141941096475,0.17126620850680235,0.5474751389131765,0.6056230273738596,0.6609247728030784,0.6369036560122584,42.96186265744931
157,inland_flood,region_5,89.223587728074,38833,30.538124654883024,96.4653828438419,72.85675413114764,2457.8970176743264,1.1896929406275059,0.07935509467467829,0.5659375896813157,0.44830599802588633,0.508795740599662,0.6168619859027404,28.950391450372166
158,inland_flood,region_4,98.93561386545073,48319,20.80562908967407,116.17483514082241,58.54643825248584,1625.2455216101985,1.0844003112345726,0.11463582362975282,0.4322105985681717,0.45169638080410374,0.4088240384290104,0.5422980978380283,25.958019881755398
159,inland_flood,region_5,279.5833107689989,17137,38.3841963142984,94.12591579116054,63.21305072083103,2131.6555368786794,1.130550601394515,0.07754842948847228,0.5330228124420664,0.4321567598682785,0.5230026760730543,0.539648941443102,30.10502823033657
160,coastal_high,region_1,204.56877152012206,30042,63.535236398976416,10.39171597386018,1.956343588506996,2247.867450866655,2.179137099240076,0.18126092259194262,0.4171317824292951,0.34226808528348174,0.3652435906973416,0.24137107224040188,17.946947788633924
161,mountain,region_5,292.37712397533176,7360,32.09112011632477,308.5268350818548,116.55464059021055,2963.333811395917,0.8421366120329721,0.764372689310069,0.6197499423930554,0.48364040276103915,0.568221411113388,0.5842091968437828,39.68985648801838
162,coastal_high,region_1,125.07376101562335,28846,41.55140370290166,41.3274969641646,0.4352014348033322,3105.1799943082783,2.5526801014692557,0.0896051382650588,0.3742319560014438,0.2713639041325547,0.1747376007166353,0.3191843877418822,10.10055495819796
163,coastal_high,region_2,161.23127200619297,78340,20.845625860594698,2.8491651583730926,2.76778319493394,2811.6711229692746,2.506535941047105,0.19983105242434962,0.55040413529854,0.5673556576141724,0.5322566563048651,0.5803164606099263,37.3700842048546
164,coastal_mod,region_1,146.1346259749265,26497,32.902473723138684,151.1545998720368,2.286486383668013,2636.2276483166697,1.8244401758553164,0.19908835061392882,0.565218108872628,0.566259032883432,0.595247062404422,0.6656772993752629,35.40464275161012
165,coastal_mod,region_3,32.18611725711808,26588,32.2465905818416,20.929795666476213,6.692409784239663,2202.567976540893,1.511778305448761,0.11739946796518566,0.5334152290973697,0.3103421153446406,0.32263609229464,0.47354880484678363,19.330948906959826
166,mountain,region_4,71.010598357981,3594,37.28867298495679,2266.9657795574135,137.20610449162967,3517.0873404130252,1.3057992283966258,0.6391062916951561,0.4081735924630446,0.4760120949103467,0.4976102479516958,0.45904799505160276,25.11352195506972
167,mountain,region_2,158.29090818134463,4143,17.442890119142387,589.3060786211058,108.14683279920494,2773.082616746454,0.7751752080838759,0.6563765909836912,0.3943586701626185,0.431301439039376,0.3903920229101433,0.3309406317639931,24.199178815586208
168,coastal_high,region_5,20.212291539901873,249971,41.989756822055696,37.98466506382662,1.7949022862662356,2239.7793761505227,2.1397444641576007,0.12087778004635319,0.4683796521901988,0.38742116467595367,0.40012276020272014,0.4059611423562292,25.67440610653042
169,urban,region_4,279.43857879266676,241181,21.36864302036234,10.670485373915092,1.6357231675737154,2120.8820126232417,1.6585302261045884,0.22726351356459182,0.5607330260176348,0.5434514535483385,0.6248710775716578,0.5041222121323101,29.550177855608258
170,coastal_high,region_4,37.15310458301124,18082,46.08281618448309,25.326512641298216,1.308663678238885,2538.999189513973,2.4530264614780717,0.14451203489951317,0.47872811049964065,0.29216470750647194,0.3752013942704624,0.4991553420417737,21.344636422582877
171,coastal_mod,region_5,59.39422392507213,69208,26.7553179652251,6.54648573194131,4.893155077185134,2112.351579546819,1.312864877925531,0.0997690159576074,0.5413677705053498,0.4540710204325018,0.48271390114193424,0.46153333892130727,34.15170349208425
172,coastal_high,region_3,229.59636718159098,46799,43.09771417175677,31.7491555843672,0.24560781744831828,1937.144308840317,1.886122529194087,0.15792791738986284,0.5744658027056507,0.552414754292085,0.5262205603712128,0.6306567416067135,40.92208213059303
173,mountain,region_2,29.080362536794112,16652,39.74796134757609,314.3854693554407,43.37544137730528,2593.4322722217303,0.8388107379022582,0.6405351248044266,0.32757164779724657,0.28334702492140623,0.2404051491910157,0.30273734480971853,8.45872767029697
174,coastal_high,region_5,270.08342988462283,32072,50.258423827435664,9.18071541570227,2.9804437653216267,2045.6988084237792,1.9945394676168897,0.1758718468809224,0.38224363607441264,0.27656398475357324,0.3525453284152578,0.34481306866243433,13.403553462941746
175,coastal_high,region_3,217.71029121676068,27260,36.16335600711211,17.067961768176428,0.9967024528877837,1589.8370877910465,2.7173510447466027,0.10140466978682748,0.29778501101834226,0.40657090062719414,0.18474828538099325,0.2800643125621114,12.625680436812402
176,coastal_mod,region_4,20.58625713265767,19232,53.36127046296875,33.634087218490215,2.7978598983293113,2079.5952256068435,1.628012193055925,0.10894109438744273,0.5760889552010631,0.5454069269985833,0.5817951610847858,0.5524078849728404,36.81912848309881
177,urban,region_2,207.55411838569586,117050,16.892043369233726,48.28696942584475,3.77293725899838,1873.2319039823287,1.0702232267839704,0.16958902319934524,0.5269001828618022,0.5097596557542995,0.5775133836042374,0.6777229723392066,30.499004410775925
178,mountain,region_2,189.48856265139534,9144,35.72109261152561,1343.0845448382208,107.52237233931324,1969.2314936822233,0.5865027118004963,0.8101645027493183,0.3306939964619723,0.3567485296201544,0.3256314688460327,0.27577140307015896,12.10034210780954
179,inland_flood,region_1,227.20482982197558,22852,35.484665736019835,73.19959980714205,48.38455320840781,1069.0712148903435,0.7665060178646333,0.2611239817923763,0.5036731473602092,0.35630335419639825,0.5624615357410068,0.4855851974801454,23.917536677812123
180,mountain,region_2,248.45935574680075,52334,33.01584723115794,1884.804721774834,124.85171488482051,1974.5785620234758,0.7323524284600998,0.6797963388795677,0.5215115919049396,0.43912430476258435,0.39200332942344157,0.44385457980226073,24.899557408787736
181,mountain,region_1,215.5051689519465,10693,45.2511136246484,1315.0592406404107,91.49937982269441,2313.1790674136487,0.8499898818608417,0.6923498200920398,0.48223643400478494,0.24655878385284666,0.2195406027122604,0.18077386125035097,9.467091218610985
182,coastal_mod,region_4,175.85288858129158,3403,27.01993367896912,57.79258260013852,0.12332784226972571,1978.0461209663672,1.734363947264266,0.1767513592116175,0.4783438655181832,0.37180369678329667,0.45130336096068824,0.43341571141458546,21.50641410460353
183,coastal_high,region_1,96.7389955745333,33370,34.10083039436114,9.098810107917448,1.448062170980387,2754.9374705013324,1.9100449325940991,0.20859293034948986,0.4410180624274975,0.483806668061857,0.4568290687679793,0.4477467934523048,27.821396709839814
184,inland_flood,region_4,209.18209854897873,161393,43.37058253777518,132.5968718430955,23.311237435686472,2417.7981945426686,1.686861173453965,0.044032229376728724,0.3840254388136729,0.2442261668552483,0.3095115747910868,0.21791505980986595,11.58233241263862
185,inland_flood,region_5,287.09147538923384,36065,37.58022455434631,121.21501210459263,69.60718282888564,2154.9102320765523,0.7170099289514036,0.15641128534940787,0.6320107737042481,0.5843000466784335,0.4657138393114873,0.4879019500170785,28.87535040560239
186,coastal_mod,region_4,176.25653415866228,11513,34.2554009035759,47.485593060956354,0.9092646798776052,2559.238002935695,0.9772856806716201,0.12644375572416167,0.6680844770422562,0.5110329704716587,0.5121232376091268,0.63995828345317,35.82016565337358
187,coastal_high,region_3,199.30346053027617,61820,52.392805939757245,44.27981985721406,0.6508620448974474,3043.6506758593796,2.7064914475970414,0.05454577518341981,0.45507220177828883,0.38778618097180634,0.37378996486650684,0.5389356390078877,30.043456768187596
188,inland_flood,region_1,131.13841265994023,9960,30.769133712038293,63.46021239587809,47.59791456768973,1694.3417698799863,1.3963766799510868,0.08421194770094918,0.4799445150128352,0.4053100249689791,0.34724368744859224,0.42326748940568415,22.18353180292113
189,coastal_high,region_5,226.8362429229223,10738,38.527613640520144,70.21469003640566,0.5855521662012435,2775.645877074478,2.1452953606731144,0.12279553652209876,0.5019257918090044,0.5470686768556267,0.3775855035910847,0.39682611498827364,21.07283210488371
190,mountain,region_1,299.3002177015908,7233,39.24955595711347,1059.7791561873207,94.70639522364378,2897.578676682733,1.014399694537358,0.7208152661092805,0.44023085059377937,0.37402283766430133,0.32533196114080143,0.2773675258626823,20.237660581563315
191,coastal_high,region_4,48.11679722032083,39433,19.733327854958503,23.153417689073542,1.382095273340116,2425.6158087806084,2.3219707357306043,0.2007956546702057,0.537101209102717,0.49437213456740364,0.5905855338643857,0.5111085949229338,26.075453556757417
192,coastal_high,region_4,60.72158385112869,6734,25.298673588959293,33.056797697973096,2.8575678327518665,2283.7493399878836,2.241013728623068,0.16827495043357363,0.5005472721771692,0.5166598956779627,0.3857579362270765,0.6043163326745777,29.42905229133556
193,mountain,region_1,161.83132759931684,3518,43.81076111185636,3213.401235800144,40.60482759895364,2665.2032296082216,0.5110561384588581,0.8015750456825077,0.40770632307764326,0.2871685774932823,0.3315348292073513,0.39698046490545275,16.53331131840852
194,coastal_high,region_4,144.41261917849747,36654,48.001143979250735,15.15066314914146,1.7301961448056513,2007.3484512849284,1.4554098452001245,0.15159175187795823,0.5204213739986603,0.5584059586913424,0.37838229380823907,0.4039741089541173,26.16122798687031
195,coastal_high,region_1,171.47093535201563,25150,24.517344132201053,31.448260164418315,2.1611988289319513,2164.798166773483,1.946582145302975,0.11528311731380386,0.40454190310558846,0.41442814704681263,0.4048958792685519,0.5213763508351513,17.606647851483558
196,coastal_mod,region_2,14.722214317281912,30207,12.609147571119037,26.92862106923584,1.0210160724468507,1966.6352783457983,1.944846323411284,0.14126668754061897,0.6434193796123967,0.5607592603884238,0.5093492938185644,0.5564490237080144,33.86189405749737
197,mountain,region_5,121.28293689913468,3316,47.064314968422735,925.189550277097,106.37545533088819,2625.257106565354,1.4566240508179968,0.7503803586484946,0.5263078478862796,0.49152297705973674,0.5044029048068059,0.4168934050718954,26.35541576054495
198,coastal_high,region_5,174.89347861966823,69058,62.79702179567904,11.477594705879962,2.5927171625094783,2687.565008622266,2.1214489106523073,0.20182169260960217,0.45124016271446776,0.377455489072384,0.5028690739130715,0.38218628418134126,25.059162633063803
199,coastal_high,region_2,175.5574053914888,12514,42.222193233220395,33.99873512177189,2.362666930284468,3012.9483518208526,1.9126107332428988,0.1431796974226106,0.4513324523574076,0.2861486019613372,0.32332988574786153,0.2605688685079976,18.377474775505213
200,inland_flood,region_5,197.20018853051207,67116,22.52161567174218,66.15027297594932,76.11024142574348,1723.4389836909745,1.0834363659188142,0.10465994485353883,0.4784758504219577,0.35148452902234983,0.4501069403615315,0.3797252684002327,17.35448580027388
201,urban,region_5,216.06480870079915,95850,24.184896424167253,58.1482002207982,10.808785451114172,1807.3581086197476,1.4316943586401076,0.16776365087481135,0.6397207068030166,0.599117176474115,0.5951572857755576,0.5214906094544932,34.8488097533283
202,coastal_mod,region_4,192.464161002257,9190,23.844959604862908,87.4103776723081,3.1518946373785397,2383.3691890623827,1.580215855788217,0.1753733347048872,0.6131621937470508,0.42091540406311445,0.5693715925123413,0.4693520959991525,28.365212902766405
203,coastal_high,region_1,237.0729466168305,52872,42.782966223128255,58.10611209309673,2.761354153772433,2280.533238357186,1.441891395148721,0.21261598733362919,0.5541874424433446,0.5262463209106074,0.5270258090831708,0.5236738487088962,38.86544265456186
204,coastal_high,region_2,187.4281904053775,162398,52.474930000162544,16.712881905564057,0.6760703028444022,2358.5984338022317,3.147326855147549,0.11634374023170468,0.6014849581760296,0.5594360471615408,0.6269864480709307,0.5596811065695628,42.37217644331266
205,coastal_high,region_4,161.25229876116134,48220,37.17733591115911,33.10589032515177,1.7511068355750425,1857.2940642993003,2.5397424004130897,0.1171685099754002,0.28559605628063955,0.2679906683369138,0.3006141734990393,0.2924953201201664,17.631335037275228
206,coastal_high,region_5,181.85892866634327,60268,57.55587906700207,60.72122806554029,2.296973835284008,2716.3384005654348,2.1406408888781003,0.18883215014453184,0.6213682627613986,0.5186562552932288,0.4919232951770599,0.6535521668656549,33.463325760721574
207,inland_flood,region_5,30.358010025999704,18288,31.96187752830277,30.39156413401535,72.33687001972874,2462.3871415448502,0.7844567109517441,0.13014091359590185,0.5505538395598983,0.4732119641491703,0.5768888966503931,0.5708243887290407,25.494557168037673
208,coastal_high,region_3,81.946962217656,14418,15.840347398379201,26.93375605819705,2.7496263932817304,2188.284433479848,2.496191708223882,0.1279700627082723,0.6543437153182361,0.49789251782075883,0.506903686802319,0.7394796163208299,38.6072879616471
209,coastal_mod,region_2,158.21993419743936,14881,21.691585636253848,20.204205940197227,0.6798051958589051,2557.5962641020396,1.5486183845103623,0.21304776297983902,0.4338180175541907,0.48476944690233764,0.38803637925546597,0.4589786122127742,19.706014882228658
210,inland_flood,region_5,261.89616462051214,6839,35.38987204455298,212.2911697451043,63.563550167251705,1982.1804257030146,1.0276442464103535,0.08503027861579751,0.4097280757126398,0.2855700111688026,0.1482873321622502,0.20317311538003444,7.884237160659644
211,coastal_mod,region_2,203.71546688639793,7919,69.09827691831316,100.3989549705653,1.6328343475281235,1582.1048765564892,1.5375003900922435,0.2545035122762315,0.5324796845789118,0.4326899589092559,0.36463783905559294,0.37916822371142916,17.19024982304547
212,coastal_high,region_2,27.122423541569272,52134,28.351165592278978,37.40974437335592,2.337358324460551,2242.109257748749,2.166184118732616,0.11999919197221338,0.48530704721758944,0.48087990770359423,0.4208163699577466,0.5584565193887193,28.425518338235108
213,mountain,region_5,177.6824851333213,3601,20.601079038345613,1479.1750951852512,114.08276783203306,1921.766333598114,1.0205586797151907,0.7682845779096007,0.3788565515727141,0.18679500831233656,0.20119366460429486,0.2119823915720561,7.1049170936835715
214,inland_flood,region_3,66.52139629112969,23286,20.102211906823484,35.2355775401677,30.881141516018616,1905.0416644578122,1.217908855286051,0.14515430945938287,0.606096988736755,0.5247750950613579,0.5752529643437588,0.6262899147312567,36.16332003971193
215,inland_flood,region_2,220.20496793661687,6364,46.75274879045146,173.91801801523755,69.96981034517171,2125.8542865340114,1.102995062224608,0.16650146146297085,0.38472162169990487,0.42425568283216486,0.43862507011788476,0.5285299631193301,19.511810763756344
216,coastal_high,region_1,248.23225575262416,47417,46.69403997289348,19.411376419638092,1.3853664120556848,3339.5691348965725,2.287276569496576,0.13718807241267794,0.5616417643085868,0.4673075374895516,0.43948172619750747,0.5503725868551543,30.881743465355928
217,coastal_high,region_3,178.036881776992,23392,31.865961279532907,14.411717202253437,1.631568455703131,2027.5416820326054,2.6178580399633544,0.19307190442976593,0.4258261678184653,0.41835280165698174,0.36153535514876434,0.5603152720459235,24.29792504133541
218,mountain,region_5,177.40878292551292,35099,34.532431245832484,2178.494894246884,146.568450425216,2157.611301540006,0.42086786417446315,0.7193768764729124,0.4229135955480132,0.43733618907587896,0.5472908688044478,0.46023782979837236,32.890970886802506
219,coastal_mod,region_3,101.5774329632442,28537,31.600424085926537,29.842102776456226,5.253004700154391,1886.406701481251,1.1606353164324708,0.12185600119374625,0.5643414305580372,0.5239231846897895,0.6036692731661963,0.5535349557216546,30.1495877646065
220,coastal_high,region_4,133.87500634839282,110437,18.06714685463823,14.948505063968444,1.7656894350743322,2092.808215404281,2.207968205794307,0.24091921672744512,0.4517523653057317,0.4229958971806016,0.47204687879562907,0.4271890253346107,19.322092382273247
221,coastal_mod,region_2,259.23250614460363,12033,15.900731914567451,75.71413999014652,0.1341021789101413,2233.406690313348,1.1810397251212277,0.15274614953002147,0.5610627388147159,0.34644498088924397,0.3290495465193777,0.3757418908260239,20.297674510228504
222,inland_flood,region_4,216.99609929014696,18862,37.5659685288754,22.414162184292618,31.952890105636374,2000.4439973560543,0.8811902385268177,0.11659326512745839,0.5848448160335097,0.551043906800363,0.6190429085187147,0.6376974327031737,42.0903333382593
223,urban,region_4,155.92609790875292,148947,16.951121989553734,50.328118012492254,0.3984813157490663,1555.8592958751392,1.6863225348670132,0.07633451783323579,0.6486868542077321,0.490264454099991,0.6775691818853684,0.649783412789207,29.933006311316475
224,coastal_high,region_4,110.46971587451128,25028,31.685547017764815,27.17274525978673,0.9999372771484485,2607.260211178186,2.1553087078126825,0.2437372042490118,0.48447660182136937,0.308996129172314,0.30029122078063014,0.5472204115653021,16.8855325757244
225,mountain,region_4,15.113921486566307,7817,38.91090011498921,1710.4357373338912,71.34100236327886,1797.3020035444306,0.35123669168580784,0.701252392007593,0.4850619401958314,0.3556574840893036,0.4503141300251484,0.4313675122018688,25.56159429998697
226,coastal_high,region_3,42.902220397915535,18896,30.771801046498386,34.76625099675763,1.5909902111755319,2604.7310876539905,2.0729974811997165,0.2536782886952901,0.35215892384767117,0.45848493290854375,0.3321520517037506,0.19679240917862134,12.739998463990737
227,coastal_mod,region_2,57.907556861811194,8329,23.62171380075992,190.38956535369678,5.518147575940138,2644.3237726221314,1.4174339522401616,0.1731538782571537,0.4296257142447449,0.37170124130339327,0.3133035810762779,0.34478418992485876,14.02472506585463
228,inland_flood,region_4,112.01506297760243,5820,52.120426490891106,77.74251668324231,30.760710313778787,2138.9203883227815,1.011906859736898,0.15845548583141014,0.5902465377336117,0.6459829793658123,0.5827487480479139,0.6699897963683276,38.569172740424676
229,coastal_high,region_5,283.2430941228824,4421,21.867001362279563,17.858989397768,1.8049632624292271,2671.006837762836,2.3668112324039243,0.15879340504770742,0.4168926265841755,0.332698770115834,0.3288735773658844,0.27623626913048216,14.877423039254008
230,coastal_high,region_5,151.5460184576246,14034,25.005202273897442,24.916345535282346,2.7509288235867206,2388.493697038645,2.3423165724266424,0.2612177926274337,0.49977835846131696,0.4495891087126196,0.5087720426375089,0.4745533308978546,26.632825527965036
231,coastal_mod,region_2,70.45204897776932,36388,59.15326982655911,57.48559509608935,1.4800628492736632,2223.4036777956712,1.3583521704422041,0.04135863875639523,0.5748899899891261,0.6255587585546075,0.6471500494851655,0.5969808926744296,37.399260981684016
232,urban,region_4,31.72504123845422,102837,28.289877866004947,102.15736016461028,9.886320453980458,2268.9762666742445,0.9420880725263701,0.16244008898918605,0.5191582278795625,0.43609463806752524,0.37765756736646044,0.42706977165239385,22.69327812868407
233,coastal_mod,region_1,101.49165738088921,7372,28.475482332247992,65.885472566471,0.36471313001525907,2362.4582199829433,1.2676582245087311,0.13785106140255426,0.6338504331219857,0.5320927944299264,0.4696467284629067,0.596758048610492,24.20227984378601
234,mountain,region_3,244.71919066531706,49603,47.79571138203688,503.16170463759494,93.7377161149349,2350.390618093228,0.7131670330134605,0.6978317889290343,0.3554993875335515,0.45247748188006265,0.39923652251331393,0.5003696634856243,21.38579597115858
235,mountain,region_3,115.00283802315238,5581,38.90295169730674,8893.492911467001,118.98471085269355,2508.6881619694577,0.8144688591941233,0.8574655926070952,0.44937375430665416,0.3935117780516721,0.45287381616665146,0.29693332962292396,19.378784426389544
236,coastal_mod,region_2,231.75174180672406,28476,45.21219527451559,84.8939831035268,0.27233424952114405,1739.203362985272,1.607350560577366,0.13811913686265415,0.5610686352446629,0.5008007587958495,0.2750122692283319,0.41764785761414136,18.78764432917722
237,inland_flood,region_5,240.81149283806366,30147,27.03648172863386,31.780253718332045,40.019923468552065,1779.6989675666787,1.1212308248691256,0.15994254751102083,0.43521994963014043,0.3308341306547946,0.2850539982999337,0.21182288383108783,11.93225178456656
238,coastal_high,region_5,33.24623090961124,65925,26.13092917996091,9.16384035011741,2.6338709561759677,2883.0239010183946,2.4472017141225058,0.14897568664353977,0.4856906712698168,0.39079104419808275,0.2145135711913297,0.4055332200372874,11.884461663925993
239,coastal_high,region_1,182.59792578803513,9227,33.22917701908966,7.55874231654834,0.6764393874001159,2936.8131805496832,2.084775038919162,0.08444957883475847,0.4565623582135442,0.32577051345551283,0.25401944766056356,0.38497439760231894,19.542310630003783
240,mountain,region_2,287.7288190113332,8038,59.70166737967436,956.1832812760083,116.74494652748356,2446.799295419681,1.35250823048542,0.7351955416172963,0.38762305238335115,0.40377377709572937,0.35703326132185353,0.17730124049895968,15.524099560913609
241,inland_flood,region_2,120.64142247106618,4941,18.794264250569007,65.87437033380469,56.73429643564968,2443.6897203095455,1.201851553779016,0.1869137771108482,0.4738351596462014,0.4715758878758355,0.41098238117955055,0.4547473101975922,24.850517792109372
242,coastal_high,region_5,15.283226700906683,328300,48.3011578290557,14.130899767356285,0.49106299787848473,2803.207766584547,2.2336704045525875,0.12313505461169902,0.3663196841707087,0.23238443629087835,0.11155987060090802,0.20996964202375978,7.018659328052905
243,coastal_mod,region_3,276.99080707736357,6149,31.560114382222533,10.777926939703427,5.933660111854651,2118.4053687479272,1.5810039753133907,0.24357658727315695,0.5262563040343621,0.3706064348268026,0.42005660101931,0.39159734338974506,19.80030684306856
244,inland_flood,region_4,265.0998844717449,7798,27.407969755547988,24.967054340747534,51.92485958193186,1634.0741740878327,0.7972718756106906,0.2171996882149076,0.5381212632412823,0.4568621043774966,0.6194132253386663,0.5887537090609647,33.5985472871298
245,mountain,region_5,156.64243416270054,3879,59.892674000607336,1604.3331528404121,43.44309608715399,3119.3666250144574,0.2673737352118737,0.7692567215797349,0.3900750446101892,0.32832041678372853,0.2678870282871286,0.4561638356691202,27.259080928707682
246,inland_flood,region_4,165.6759361032029,5446,23.080124288642224,52.491921678644445,76.9622841959162,2231.095237146373,0.8179910892790665,0.19247637981427268,0.3364177111245508,0.3044024989141051,0.34081470176145234,0.3072151706223571,8.447347921325447
247,coastal_mod,region_1,63.52233083283747,64995,44.3552226159211,17.35186046752905,3.935696233148273,2829.4089980256813,1.6242370871726504,0.1517975086913441,0.6368555331656754,0.5464156684098427,0.7041758139043277,0.624142835003191,45.871526080070154
248,coastal_mod,region_1,245.83522666339118,152964,44.33571612644936,45.166005810519685,5.960646678424025,2958.3966094263706,1.424064811906689,0.207830387017965,0.49575826329783734,0.5976700206839173,0.530066737468579,0.5282952410555292,31.290262080532084
249,coastal_mod,region_2,149.58001151763793,15054,34.63220291901907,51.948823691147616,1.7416021242058841,1749.5708926260338,1.3589496581966378,0.229413913181901,0.4235657164429933,0.37505994494137523,0.48520382040508603,0.36454035656856254,14.694830264538641
250,inland_flood,region_2,10.163338542766953,6270,67.43597305344761,90.02210602452809,28.23099256426113,1614.6998767618443,0.7456479787666817,0.1919195372534561,0.31760454761977835,0.3690962454943801,0.32600011241380644,0.3345577704953919,19.177257170250762
251,mountain,region_4,204.90448693469935,1321,29.45395235689589,1052.6118783254992,118.95681313559024,968.4000437154664,0.3132522522250393,0.6892394628184182,0.37090130327666493,0.18739782760260615,0.33242357135758743,0.23173467407897966,12.252849326183657
252,coastal_mod,region_1,285.1488809408118,18118,23.618842457225735,38.77673114746059,5.3905934284670565,2521.4267479604146,1.827453686244437,0.14866994667319472,0.5999448732377689,0.457871498526083,0.5689196169977595,0.5538890954030335,29.418545995026356
253,coastal_high,region_2,248.7451471037251,27317,43.940764429961476,57.62528041243426,0.8223230631116775,2862.5930749950394,2.137631577456518,0.17965542484567576,0.5597683744936501,0.4200762613867701,0.529142667915351,0.48435657800686405,35.07060863411579
254,coastal_high,region_2,83.15944206316193,20207,51.98511417993704,9.74108277299314,2.2388503065471466,2639.1116000503384,2.0711386054308427,0.1920515408767396,0.5826598019536544,0.5256727241714256,0.3555502178228036,0.4229870268833165,30.995305363644572
255,inland_flood,region_1,15.997525480002196,21527,58.82461624463714,55.70572054029913,50.299535661110156,1632.1600306869798,0.7985061198724384,0.14706568666598122,0.5522797730722796,0.35566141509396154,0.3664434517863426,0.4361624814533196,21.98482690962439
256,mountain,region_1,282.1054237614542,14124,15.732108134190431,138.9880295720483,71.83167079768876,2355.483155437614,1.2763567432879888,0.6740037814547671,0.36516367021598034,0.19447065879153397,0.12091462068179537,0.34587800126445384,11.950277402493464
257,coastal_high,region_1,281.11881746391043,48570,14.256775357581224,18.713929892723904,2.360675452438981,2673.882198003082,2.4644052437138155,0.22952598345235609,0.5496642561968528,0.6010919685935537,0.5660822945807326,0.6262616367378745,41.124692309026756
258,coastal_high,region_3,159.7245959138608,27323,27.97886919631431,28.586150698772723,1.850348242626624,2913.090266751668,1.909828160736714,0.09686615584064481,0.5071566186019305,0.5088802656691108,0.517960063278647,0.5241624993751223,27.938953471930816
259,coastal_mod,region_3,192.69522350146053,9124,41.372351823802724,75.1838312831876,4.058146927775972,2295.54542006285,1.7493628895130604,0.10420148257099779,0.5249100899686214,0.44175088770716675,0.4404670954513859,0.46878108284459896,22.19545625219461
260,coastal_high,region_3,138.78001821324247,66121,45.80688755694427,3.613605273353903,2.3193212902528892,2865.5205179964664,2.15647887432362,0.08370455754573497,0.3536576214539521,0.2879720417678246,0.26359578720455396,0.24510804043486387,13.171267585298793
261,mountain,region_3,125.9296101296276,10009,57.88011911229521,1117.7350228391708,95.37940317672111,2337.934565042976,0.7168373436038319,0.6716744730806267,0.34574960762749934,0.27881248205589415,0.31257296820002806,0.2785302556720045,10.69574646385862
262,coastal_high,region_4,35.83453077861011,80782,49.7057947240091,84.35805753295837,2.8156032988007658,3072.5927575701007,2.111916283960735,0.21379004913121252,0.5837851348188535,0.5318770380067971,0.5447511622461911,0.5971292792956947,38.3703799866784
263,coastal_high,region_5,29.025869508328807,73944,27.225504540383838,35.642833351733536,2.454167078362432,2852.692030977377,1.9650108248455311,0.214642799265376,0.48500108086175653,0.3747966538021272,0.4186946815707448,0.5541947534167692,24.22868616348782
264,mountain,region_3,69.81964400285624,2752,58.30565003076246,323.0040920014084,72.98250872882363,1806.5334646495878,0.503736869175363,0.7017455955899627,0.47761193179044004,0.40708968163116516,0.37926388353519475,0.30671741407119757,24.00636385677148
265,coastal_high,region_4,250.99222392196327,9988,40.64855004971996,18.742574702837565,1.3947577516387755,3155.6881470624967,2.432839289652577,0.17513183699223525,0.46420757987689865,0.44529738413285674,0.5470304969066111,0.39435380547039783,24.562398957102605
266,coastal_high,region_4,43.749690220704,18398,30.67974142353629,36.49804800826204,2.871999206086165,3090.2286090860543,2.1337885422905596,0.15009035683475844,0.4083151957578455,0.39157535847346164,0.3703277044912682,0.345221394074092,23.11702001908237
267,coastal_high,region_4,68.00959557441321,14035,50.653365888363176,14.716165535305812,2.68561318438175,2786.1898948211765,2.3851628600935815,0.09064936543645213,0.39254506926754706,0.3161067892045795,0.3551666395164026,0.41531283679307307,23.284306656090443
268,coastal_high,region_1,164.58421779666224,71662,37.41621604986584,30.449356853061566,0.5735566129029344,2712.287081994986,2.2861639993388643,0.26141891727734007,0.3670913225087912,0.26102911746529966,0.29482786573634395,0.4283905724310315,12.682665399448199
269,coastal_high,region_5,64.53936542348232,49820,30.37242883277596,29.11836412557504,0.8229114984700464,3263.44462755133,2.364562333405972,0.21922811627229263,0.588185991199056,0.4499725354360898,0.4581708152479216,0.3419953158594007,26.894504609797938
270,coastal_high,region_1,48.96200541533613,97661,37.155618537770856,23.627838490420512,1.0932615580859162,1946.6748534911703,1.5862039583778742,0.1681194836300024,0.45459454317980763,0.4089262505039949,0.43088666665732034,0.4807052708970354,28.778046145901712
271,coastal_high,region_3,168.99487250938867,51887,43.700442920202,7.2298412295388035,2.6395471084317115,3096.4898096238603,1.939971925192895,0.10732744429178914,0.4028981109813463,0.18037453213823323,0.2674439851961791,0.28034550225451776,14.89871075176891
272,coastal_high,region_4,110.42798129898465,43817,51.71902217595381,13.355857396630705,2.7822519356857924,2409.5173205702595,2.370809426620555,0.13897854455931974,0.30113918091138847,0.23168484696833258,0.22113899980328613,0.20404321428458558,2.612930080466853
273,coastal_mod,region_3,187.84778575214077,57514,55.06454611229697,150.17983847316077,6.418721926420794,2583.312106243635,1.0175507917592095,0.11791169524353301,0.4202805944863156,0.5260512744044954,0.5724462996604007,0.6056217532141652,32.225741294450316
274,inland_flood,region_2,273.6616021226029,26259,55.31830984437174,47.28696418287229,36.54250676361573,2036.1127541507128,1.1119195251436695,0.15567666647166903,0.5207829711471482,0.43066600892999646,0.4845711907669069,0.5039672868316517,20.93707812635608
275,coastal_mod,region_5,45.297939430520294,23259,40.985045195431894,32.623382980663216,7.096518453081853,1764.9758918071166,0.9827886259944274,0.16604639332236137,0.4515292615680597,0.43985405571616243,0.38787556766578535,0.31931826489985793,21.859861411966815
276,coastal_high,region_1,274.03009794391915,137641,33.53077286906607,19.489183576634467,0.09864337782209542,2401.3920759857233,2.2049331950484086,0.13327243502630481,0.5299394036951496,0.49548483288667083,0.5274572328076576,0.5986711383000832,28.058806315980863
277,coastal_mod,region_2,270.7469902268756,24152,28.99707833737098,73.87658349636216,3.382427847124145,2557.605175608088,1.882997118180817,0.07852538432090864,0.5898127691202288,0.4942938625353151,0.49428349936593485,0.6075631497840419,29.505391842983183
278,mountain,region_5,248.72627500077084,7525,39.371994210439176,815.1187229852143,75.31543587980852,2294.8960593400634,1.1323800345994874,0.8203509569206947,0.40786925209695263,0.34165060168491856,0.3555277447094317,0.3593500288445125,22.449300616918123
279,mountain,region_4,189.38577519182556,4656,38.51687874807362,962.1346983948895,94.22875270854885,2089.2572926409475,0.3447777157677797,0.7281039552410715,0.4149940120666923,0.40556233196176833,0.35332285564909716,0.2505658680797559,14.673506373468253
280,coastal_high,region_1,186.04399723966424,68372,43.120683594745515,27.956042376182406,1.6819216717044867,2348.731176881992,2.4545114212948556,0.17330111400294898,0.4347690014104457,0.3793421346480512,0.3009392449394723,0.4378461907954476,25.247031409600332
281,coastal_high,region_4,191.76379798095047,110563,36.93109950022851,47.876655622041845,0.6762134605303768,2856.898968893516,2.7466714680188753,0.1296870310130325,0.5454617298840043,0.5088128564026915,0.28731445610347595,0.5283244490097807,25.696790595132796
282,coastal_high,region_5,207.14866536534393,34699,37.75216293504035,24.14138518789872,0.6136671083572686,3300.254012055985,3.039104803048522,0.07230661921127113,0.4739110271459456,0.37548308251470297,0.44812425569578435,0.5154517738633467,25.614549584024832
283,coastal_high,region_1,4.944660178847105,117844,31.20878649818597,26.22566908669509,2.4106997753764654,1743.6466517454874,2.342522721240607,0.14627730251548576,0.2944671131338275,0.2761123806985442,0.2646797152615863,0.20108737168982316,10.25795959676728
284,coastal_mod,region_3,287.4277737481949,4555,37.450202501517985,25.572179189286743,0.6095743827187485,3180.2395565701504,0.9906740228343934,0.1342702066778521,0.4450375728643386,0.37136300097464536,0.21321137985186062,0.24331264618784362,11.64207067960485
285,coastal_mod,region_3,175.68112843967393,21070,42.8560068832529,51.63273617332005,3.9462883508963635,2271.311180141646,1.5304033934073287,0.18634757039922806,0.5874130666082691,0.42052699551981565,0.4316980059521435,0.5671541912892214,26.823346828320933
286,coastal_high,region_1,234.43975182072649,35028,19.59560266269783,37.790828330799364,0.5749392197930369,2832.0896541195307,2.6788100795024397,0.1959412687590745,0.5337486000103844,0.3908437405894121,0.4584018546982901,0.5062600329614213,25.533697911020855
287,coastal_mod,region_2,113.18455171840894,12312,50.00745479254112,66.15260203813911,2.5565378009678215,2047.3083884984078,1.343873546074909,0.18936722124073724,0.6111700445389122,0.5615725478345002,0.4649747337675562,0.4802131366574568,28.03619358883146
288,coastal_mod,region_1,3.719164174738787,148314,56.712212211928325,134.94006221708773,2.218355353376065,2198.7697063001106,1.7129326768647672,0.2016895515195997,0.4253841597212168,0.3402207761353203,0.3352489152889668,0.33008978671693123,8.926268637312193
289,coastal_high,region_1,152.92039796293318,34215,14.610879207834937,12.523070455646135,2.125566677841612,2677.005204852443,1.9481191003366938,0.2403945077871732,0.505159220529808,0.3924222213749683,0.45646655298377914,0.47641790066268086,28.609046908453013
290,mountain,region_3,152.1570357947787,6857,47.46916303303819,997.1533870835244,84.72247239534593,1875.4520038314822,1.0117059759380553,0.7363108393272882,0.42358006316102564,0.2703789722496839,0.2435403156271212,0.35612287892562455,20.014399405492956
291,coastal_high,region_3,131.09678649343553,37174,53.671273640559,20.487145519425134,0.8983255033383112,2277.7274246969882,1.453126145448962,0.20530633264697926,0.5092220725372053,0.5195899667525552,0.5746884636782001,0.5813270529601134,33.04326812936286
292,mountain,region_2,101.91511624862302,1631,45.64781883484835,2854.1008697833995,129.76223975762463,2992.283770445627,0.6148993854489846,0.7728310476601842,0.3000253697600264,0.3837623333083158,0.3533095016756615,0.35150331478854135,22.12146887252586
293,coastal_high,region_2,74.94782634291661,18326,35.89492931391757,40.78676248133163,0.25738542387240604,1979.0612618563114,2.1981638058154434,0.05568615030790636,0.3725226698856082,0.2684151232648202,0.31144848157841853,0.23731513491506195,14.738930672591874
294,mountain,region_1,158.26346234915485,23978,33.186544934310206,207.79081239969184,121.96327745683683,2620.51955165677,0.7909929808270693,0.695778640580048,0.5678722324343733,0.4255715843288816,0.48221044273701436,0.5666782752362253,30.93287310858404
295,mountain,region_4,112.58344190804823,5619,58.41027085318037,569.5043421527563,59.79753094803574,2214.7415453154076,0.5098147517172761,0.6662198352818062,0.28977989234235685,0.2727807847794101,0.2846610833365101,0.14625024404618447,10.606700357115987
296,urban,region_2,290.9795649149426,163190,5.791055102245789,24.7262557596515,13.77028833940174,1811.7878551573274,1.1501031405745132,0.16198870609446314,0.5540144818120801,0.3769217548749472,0.41601164429613485,0.46948421800737544,18.110933022707197
297,mountain,region_5,51.87819233007943,32163,56.785831182202664,242.54692274794786,30.667090244345864,3385.9659259847003,0.9988965145403991,0.6645403524841288,0.5688251564740346,0.48132653081846005,0.5921533663499383,0.5572615033448689,34.46700342748256
298,inland_flood,region_3,95.89967028812609,52691,50.272825526783784,70.41119094958253,53.399800241560364,1713.6492316215686,0.9741317238669344,0.1814716182419557,0.4768797764436668,0.3953009103499807,0.433460997307664,0.42664349752378594,17.852387447953234
299,inland_flood,region_5,88.1881412773713,27271,33.85975000477524,42.464572182810514,57.33589904165563,1660.9694000796585,1.0182812709612608,0.19976762359527583,0.49179352831274026,0.5192091841626365,0.5210356685638858,0.498957440215518,38.201962467954814
300,inland_flood,region_4,162.9927528707871,12530,25.37711294400145,222.24519445357743,54.63801995881403,1943.9081889438391,1.2195906409257216,0.21392694844021307,0.40145635804033986,0.22419709946807814,0.3843022785866422,0.24031862664680093,11.278534000718722
301,coastal_high,region_2,149.78407709224436,29274,45.222117704015204,30.793508582972674,2.4450458765970375,2292.5765463591597,2.0970511897800264,0.23148244952379055,0.39058117109217844,0.3565654789961385,0.2612185649404187,0.3581763289621257,21.33322864539828
302,coastal_mod,region_4,193.12213962728194,11575,41.35811966535793,29.914548042984844,0.8973120646704897,2202.2332299480922,1.8077533649155741,0.06670334246345297,0.5453164090313738,0.4145860506247558,0.35928671288601965,0.4288821470302152,17.440060497547208
303,coastal_mod,region_2,285.00053117226236,9938,35.4648493997932,17.258171361859766,3.3244480343406737,2254.3897538279866,1.1032186801695762,0.09034107912831157,0.52736820450315,0.3675745755066338,0.3597639938724236,0.46650127289018695,17.665017149626188
304,mountain,region_1,85.56632564816022,3866,21.60785491000528,931.6794716089695,133.64841276239684,2517.3290328174635,1.4784007659178555,0.8621047113137037,0.3988803672747959,0.44729789366232425,0.3857454908784616,0.31132061528710814,17.37605905996597
305,coastal_mod,region_2,207.83147077649895,13434,52.0135956219305,112.07269011391206,7.109882308231928,2156.6382034647527,1.7339115891482786,0.2023664335801104,0.6534062969893812,0.543806267503808,0.5977707479924721,0.4684644859267422,35.58652714265519
306,coastal_mod,region_2,7.512060901555085,9626,29.416999266417456,34.46227910872272,3.986755225910124,1954.2434039177213,1.2932006658463333,0.1618036484524481,0.4049324326525629,0.24008620092541577,0.23134783324234398,0.20439305706556174,10.264811802834746
307,inland_flood,region_1,78.71654182008736,5161,41.93733639958223,62.54269468066978,53.478013632204785,2193.020912803799,0.9132043887306759,0.15265673712008362,0.285648079002094,0.3533455680797437,0.47063642479986123,0.18144668259528846,7.208018411356034
308,coastal_high,region_1,139.11591839897784,44243,15.790893809575406,52.54178107510847,2.291725321469702,2555.3228933983423,2.262020677483521,0.14804317619987342,0.4196965210931624,0.3286494943812901,0.31505033584333353,0.45002937777653507,16.103592685915892
309,coastal_high,region_5,9.298436544340339,44852,20.15368132644606,30.13568499313276,2.3388311828959245,2401.7530751780087,2.379601278961593,0.05382094854442471,0.5163658298283141,0.37841291778973113,0.39111025293809776,0.45474904153581724,23.32753323946391
310,coastal_mod,region_3,185.30083816609167,85873,18.926434396140714,72.83065070822886,7.104650396046887,2717.9977946841327,1.728364482570037,0.11261192575647407,0.588197796964199,0.5879139016466449,0.6124141409571716,0.6055191995172132,40.693452888632194
311,coastal_mod,region_3,203.49318252051245,12904,39.896033817161545,54.02753935022263,6.750859193464344,2157.5408138629923,0.997822625595475,0.14531886302080715,0.623206790633273,0.6400327028302999,0.6115944386663936,0.7636498549817767,40.38291413891461
312,coastal_high,region_5,224.019514451414,47405,51.989539364709216,31.094260599486923,1.2432699385928832,3036.7946405986363,2.3312327866183744,0.11473145023748965,0.34188546520300306,0.31242729373139283,0.288959019056389,0.4099595537629397,14.84805872568198
313,coastal_mod,region_2,154.97235145290367,28287,15.377462382382259,8.14470078969998,5.198026611773253,2629.3934564882866,0.7650457242611853,0.12088057114686575,0.3169173252814414,0.2549224824170798,0.34001808661580285,0.14718045119946815,6.374151336189583
314,coastal_mod,region_3,181.18339949358798,17978,34.758844377102776,15.061283761402494,3.8658820628938724,2650.6854923990277,1.346809854249355,0.2781905986882695,0.4385296059852135,0.405656575472986,0.3624201822950931,0.355255382164527,23.015914260739834
315,coastal_high,region_5,118.81957538354617,70962,54.09239148200818,27.77773517940467,0.35388439926039517,2876.4631232444403,2.6361737511362375,0.13788585453864013,0.2758291430626705,0.21450122765249133,0.13346299535907222,0.11244283436613703,2.7105533514409235
316,coastal_mod,region_4,12.375909751968761,40953,12.071305874536966,18.768167726836683,6.573447360040501,2199.7782760934824,0.9747172903344503,0.16422254928643407,0.39134175761733503,0.3899313452258424,0.26902076986962997,0.3152308710298734,13.876273329334722
317,inland_flood,region_2,29.985556732353913,23433,54.02108430134721,62.16393581668424,56.1058117820304,1980.7874928046922,0.5202286641905013,0.16317528760765398,0.5608512264292308,0.3490264191327095,0.49863502009705074,0.42093983111704597,25.25836347041208
318,coastal_high,region_2,196.49877726043923,28851,12.734542361706705,8.251371701772342,0.1740156114177377,2502.3519526066843,2.266238529864393,0.17961214474526285,0.5751628276686516,0.557431224143729,0.6343168192267383,0.6125431507736853,38.674584628120215
319,mountain,region_1,298.6665898757329,7174,41.57509938036415,2113.513900261116,111.2241934810767,1316.5521649934371,1.3162287492517806,0.7117829452759215,0.4999559153196661,0.4253796938269658,0.30047229938824044,0.3295294068561334,31.253322818444076
320,mountain,region_1,4.740971748988853,2890,34.651509777758314,500.8308519806087,63.972124307652216,2759.403402873931,0.9976186353255966,0.7707962078086874,0.4851084308741095,0.3744749259419118,0.4295304159375082,0.3152489639997046,28.092461440708355
321,coastal_mod,region_1,167.27504904791482,11559,29.920262122983495,17.209633874437678,0.5541216697334459,2285.5629482347777,0.8286146309355346,0.17246837190990882,0.4926006052237798,0.5524448357931621,0.38511392920676857,0.5456466733284598,33.11373749790789
322,coastal_high,region_4,225.30262586476735,20747,39.85785744226854,6.515651777713078,1.8197667440509337,2930.209706483451,1.695061476086118,0.08575167601727476,0.4029530637405162,0.3075075127739221,0.3810712413936103,0.4282144897720303,19.65872394070912
323,coastal_mod,region_4,248.0324484041636,8962,44.67012838674363,65.62368789754764,5.857669233033948,2159.0494569848124,1.4293239298788256,0.1457316264882187,0.6042095536708845,0.5562873519082033,0.45542639615265507,0.43867568438927035,32.68283389911266
324,mountain,region_3,163.56147036679204,14704,61.77860286536493,931.4457711543602,92.07411531857905,2732.412580976763,0.5462272742112698,0.7071025943148763,0.2957100134837492,0.1809846059454712,0.2966791105161993,0.15217235186241168,11.360532391316164
325,inland_flood,region_4,185.97479405523154,46971,46.050827686449615,137.3443939347174,20.338896414205546,1586.7478811415667,1.0410058881716968,0.14140821405088616,0.5525360849904766,0.444636809235656,0.5033552894114812,0.5539393324105837,26.7983143118384
326,mountain,region_1,209.01748358236603,4370,41.152602088237174,617.3381399698164,99.2259284331124,1815.367195369215,0.9587985339800817,0.7358770282038749,0.563945219732161,0.3793876242816311,0.505546887042797,0.41000397143284284,29.167894923491797
327,coastal_mod,region_2,257.6898749080292,27632,21.491772650952704,14.680794540632577,0.05287260254367965,1333.3259400975164,1.2530727468026868,0.18198386961652419,0.4102910335076159,0.40080901174070843,0.3996991818389162,0.42088501318202015,20.051417002923174
328,inland_flood,region_2,36.686861160845595,7884,31.516344731756785,59.93014381387102,75.58449807782708,1959.6952412505123,1.5444262881846438,0.17684345177235758,0.45966085591551487,0.387766188277919,0.4051970156984057,0.3466733372318187,30.49835701083236
329,coastal_high,region_5,277.85465888245903,27599,26.893483952829307,58.69805331475662,0.8019154731751561,2290.98976488856,2.3771401614802876,0.16793578477181326,0.4761450341834351,0.5199917269656775,0.3481233897533201,0.5099865885965695,25.99454155165683
330,inland_flood,region_4,7.805221065471002,10381,41.052735263574895,12.670264252400198,72.26039620982145,1728.985437448874,1.3634772636382528,0.1544955854055984,0.36333004890227083,0.3115994820786126,0.23770208600726425,0.15839499879911267,14.35914302049096
331,coastal_high,region_5,250.8599252873326,62424,20.491050427194395,29.62916074951834,0.03632786585061165,2733.860951186123,2.476174527481487,0.04293938304392679,0.553867618562225,0.5910110595346318,0.6259337646183362,0.6055096578118968,37.29396900738275
332,inland_flood,region_2,23.022127967909178,10477,30.82866943278865,85.06024469667302,25.832990629530215,1872.3478417407114,0.9549779314150397,0.19032927999630478,0.40912308802200764,0.30293032664091696,0.3803414028408223,0.40930026695641075,22.13587561360538
333,mountain,region_5,58.388463481476684,24599,33.64008683096845,2614.683799103654,84.16899655231884,1683.4544965981686,0.8416658245981956,0.768517652185411,0.5097208880291245,0.5243150880784325,0.4935713321499209,0.5707407568438903,33.59542084744258
334,coastal_high,region_1,1.1682439143397838,29110,42.4294376606954,11.70964551826783,2.2758221371580074,3617.906709100839,2.110713988951369,0.10095943413998165,0.5039799712780496,0.5328922739472921,0.5267078005383935,0.4483794764241043,28.257028214455786
335,inland_flood,region_2,133.57701166081222,10724,55.29668914390231,11.7233871219321,76.55370203003821,1988.8968138535772,1.2043306757500731,0.16422684366289203,0.4208048730959437,0.3210078997133705,0.19950391015527996,0.209969623040793,3.4530758135481765
336,coastal_high,region_3,100.30776801521768,11754,38.41951462495029,16.768677800060924,1.5632844455052894,2166.7347788257216,2.004890446788441,0.18267974900198702,0.39208041727439297,0.24884783886892373,0.35765734154718287,0.29158679303988727,17.794649701125223
337,inland_flood,region_1,49.7978734461082,22083,30.69191791931375,115.35664341464525,41.32764281999577,1799.049361720085,1.5175098826103703,0.21050798887196864,0.47482891761175383,0.3153531343560362,0.26781082985392923,0.25083921877689586,19.055682183364993
338,coastal_high,region_5,135.3270482411719,81283,60.02103074269506,24.473900556611415,0.13366361975154317,2530.7428123963186,1.9762392088982823,0.17592785542844414,0.40776414142111844,0.37856336589945183,0.46181129257947073,0.37292313064092225,16.752071242608288
339,mountain,region_5,120.71126495165515,12657,42.473637422360504,1376.1966672079177,100.04513660864541,2312.3770188713997,0.9643425216891086,0.7392913867500193,0.3430129367289946,0.31524994602204326,0.3767765551791816,0.350162573133364,23.935223147513803
340,coastal_high,region_3,230.29830980962245,272378,27.860753251664377,9.353867012493307,1.1401312934956012,3120.8657092183503,2.1312757563862155,0.19749638066619865,0.5554761648234157,0.6776013647217223,0.6088219037005922,0.5761128221870501,34.08331937755635
341,urban,region_2,267.9390918210097,632776,6.788713780729523,26.250270923043534,13.637002270125613,2076.171012710338,1.164762005684042,0.1351157429917404,0.6036466176289053,0.5032488249956469,0.4852638407071791,0.569224165035251,28.85334558790801
342,mountain,region_1,195.77017553012456,7504,37.87067203115907,1007.2496394391487,87.60710674080008,3327.604085934126,1.5517040557390838,0.7375886993886678,0.4060685325742497,0.2885593623532896,0.4216528234056222,0.2241796449309758,14.208783664102056
343,coastal_mod,region_4,37.32311661795716,17078,41.68439089476348,9.286078571970993,6.123575865038207,2048.651969595763,1.268283697576261,0.11910096174323123,0.49492363126324773,0.30587120326736456,0.45579607610694045,0.21759000826812452,17.597021893427204
344,inland_flood,region_3,88.61723841295519,26258,34.877555845390354,66.84321778095314,70.89263169289374,2127.930812077968,0.908583645702272,0.20664223074382698,0.569406519356994,0.5314461912360016,0.5456847467741669,0.5233083445401729,33.93377495762
345,inland_flood,region_4,273.99548904968395,9224,24.515432683847717,48.58594558579803,25.896656700665257,2306.594058298349,0.8007599204632331,0.07033390767578312,0.42803029336908954,0.36962282490430565,0.3710210268888584,0.2880715136460983,14.044937125548135
346,mountain,region_4,26.62034790236675,28272,37.117433080005505,5182.218846355002,82.90155693074936,2997.5761523558394,0.9123121847066769,0.8282415302681109,0.5883680929311159,0.5056482720549118,0.48179229189258543,0.5434781788652833,39.703819950088864
347,coastal_high,region_1,122.05675181724794,50283,47.858805293834386,23.713076571225724,2.681152293036936,3124.7488869715253,2.169608089797192,0.1512853991038975,0.5206251637603555,0.525166015483929,0.4600078042874801,0.573576126822129,35.7385732702884
348,coastal_mod,region_1,282.7513857700444,27042,42.888646608907635,113.01462245493197,3.3956423865575323,2104.795890691953,1.0642240607887086,0.20017550100305292,0.4506096384201327,0.3344600622072773,0.43590301557343836,0.3176126098685312,18.728848657424177
349,coastal_high,region_4,285.19945244084573,67390,63.17506211824067,34.21685408217551,1.6954628309021562,2597.8042958900323,2.0726890406957033,0.11154989197722412,0.6542042745745318,0.5379866371488808,0.42238621345051425,0.4504786244604342,27.42093661949431
350,inland_flood,region_1,123.36095311466772,71558,37.11189524548393,57.359571531959865,72.38623683793085,1256.1732300308972,1.1829059628351883,0.15546662062154076,0.5368099497395369,0.4314693065951865,0.5172672121502656,0.4240167335199872,24.165327377369934
351,coastal_high,region_5,200.2190664296392,42355,26.513470462362605,61.07218895312614,0.6977807600693781,2521.595984559776,2.5080960548265865,0.15406156415312722,0.39655049156796884,0.27535248727721523,0.34755878981407934,0.2343272873284005,17.24994902195126
352,coastal_mod,region_1,137.0236795061997,20121,28.022812393278695,13.466808571213368,7.156653302587707,2581.9389622754934,1.407200183889644,0.1719213127521415,0.5583266303241124,0.3412425917779932,0.47230280984270395,0.5386219474422831,28.086292520718885
353,coastal_mod,region_4,226.0381618309025,73642,28.85562055433091,27.421774271243777,3.1762273695169227,2513.892767949559,1.4176984371959627,0.09808440535388349,0.48191584427392375,0.4985721053643493,0.5156906883700573,0.547001120468817,27.359494919861433
354,coastal_mod,region_5,9.474399207899554,47764,47.29225505238214,75.15036233940666,4.744266629272521,2169.7295076464716,1.2917014784704168,0.18307826026081722,0.5063203377092343,0.4714936299828068,0.5509061878640673,0.4824822890088024,34.049215795866196
355,coastal_mod,region_3,43.24714467640754,17038,17.97935896621534,3.378658153255782,2.6243158565268256,2794.698805025485,1.249267489412635,0.057762278937016395,0.4608449422859708,0.3639795611611794,0.47175362306561075,0.534800510557963,26.69498770340086
356,inland_flood,region_1,184.25964106307978,18108,26.27628115430321,61.60480055019984,51.6271432255754,1884.798414696558,0.7241280910353093,0.11764693997854114,0.39146792077918746,0.32353057790219697,0.2497823027536857,0.27433922330343863,11.096274081891384
357,inland_flood,region_5,69.76567873291908,21084,32.662782953743154,61.19120260264417,22.95714818135015,1785.15805279403,0.5330051637283146,0.07289556662524474,0.35362238571584775,0.2493321309871352,0.18522381850888645,0.16866519874389194,10.281011640536484
358,coastal_mod,region_1,199.81568978074458,29420,35.247072974555834,48.181793403469676,0.5220798019101069,2036.143392670771,1.1892659977680389,0.19222361683546413,0.4977327142209897,0.5253961635714572,0.4881517034509939,0.24377178053474532,24.321047260840427
359,coastal_mod,region_3,105.3668782383895,7440,46.379757929129624,33.10534902337762,3.317782095500684,1807.1372413073595,1.671215860202154,0.17056490243439767,0.5253885000038998,0.5653078268095745,0.516572089847593,0.43865811212552724,23.465433455071846
360,mountain,region_5,265.99366743834645,2469,39.727675588269335,1752.1783969548178,70.19423081202942,2711.1975158517685,0.7726749171908469,0.7523546358956803,0.28124973448907725,0.2540981939469568,0.4554329791008096,0.3233127952093056,18.33021559093256
361,coastal_high,region_4,245.77781566799592,16339,32.6173071258691,12.250152701526163,1.8473754308253247,2715.3927246434437,2.0961943948917874,0.22386608412285935,0.5303122043471356,0.5065501925994594,0.43232984059599133,0.5135947407573177,20.045444647952344
362,coastal_high,region_1,147.85134002063467,15240,22.062516821230957,48.183691070218735,0.1137305011314187,2843.9917785492207,2.0903544400856062,0.13501559539964123,0.3403086642008213,0.4417517578009196,0.3793468112620002,0.2644169732145152,22.17042946975088
363,coastal_high,region_5,231.86852612845732,20344,37.778425475767826,9.089240001805456,0.503006009210674,2434.2515392275154,2.5734122997498203,0.18063258559275072,0.3980341973629298,0.341270267992566,0.38875225919940426,0.41354621015705845,20.220904354991266
364,inland_flood,region_1,81.34136587052711,29964,29.071124830576633,81.7076742282297,32.57551364754753,1982.5781061982238,0.7214852288405987,0.1546792205693668,0.4305009944317718,0.39006647243569803,0.4807448593891369,0.4943687380349146,27.876340620896237
365,coastal_mod,region_4,148.2779330435588,19242,10.242302264275446,93.60024353441855,3.5239341482384035,1437.5534468068822,1.483116001516998,0.14726695869156914,0.5128903216360797,0.40806877291047805,0.4578237712782195,0.6284981395085429,32.058853310460165
366,inland_flood,region_4,59.24461555898345,21101,51.15657639092203,30.133889917235642,34.810085742737165,2112.867665393314,0.9794601599289509,0.2158395377489164,0.4269194485786839,0.35479077387141567,0.33113577875023037,0.3817345161566901,17.90812518171965
367,inland_flood,region_2,258.2658505562982,6772,47.5264887022025,37.14429146369636,28.259761148463838,2029.6524365178948,1.0203780475284305,0.25472045359883283,0.4833829158155343,0.2935093967558608,0.391835255513228,0.41383256105580013,15.466013196140093
368,coastal_high,region_3,246.92028497052445,23969,56.125426431276196,49.36697209223778,1.7927210213473135,2159.7889354026142,2.273305122134935,0.12925930324475374,0.45870145783166016,0.526192922747283,0.4857024706659613,0.573887300160593,34.4096076764216
369,mountain,region_1,270.64490052270037,16789,52.59862686569243,1096.6556159845522,119.26463733638663,2347.671233956701,0.917149482080421,0.7601824627952682,0.3013119897488921,0.21717063831899716,0.2929745121790916,0.2592492978279221,11.770599046710679
370,inland_flood,region_5,263.2430943672778,29026,42.36367851086418,11.88699873026997,61.11608400783331,1922.6452093789499,1.2379065659952757,0.16615633489199255,0.4236842508366486,0.42252870775894236,0.46731824539013167,0.46165703390397494,32.9874555688852
371,coastal_high,region_2,287.87887861784844,18918,40.21862112009484,28.22671258949941,0.8285402856825635,3305.724774002997,2.1912228016111217,0.16703170031104494,0.37859537602896565,0.30708007453329317,0.35926690047152327,0.3806586773258247,18.31628887183346
372,coastal_mod,region_2,68.50086948957778,25067,36.048598135668826,64.43697968049136,6.835558690935712,1828.6055611552683,1.923312918027709,0.16344569756720484,0.41232316093313875,0.2533138973619105,0.38737292815029045,0.21793652593611135,7.87991580495907
373,coastal_high,region_3,279.54728723859466,262751,35.77503088618524,50.79489758268493,1.8354665382822066,2732.570471546681,2.213343981690054,0.13420282058326882,0.49453927564412425,0.3701495323631149,0.3846058606789067,0.4019883497515975,21.132780320356698
374,coastal_high,region_4,171.3639574055993,35744,36.44200010465668,30.098107053256797,1.8440001030222715,2163.692658928656,1.6889599352199194,0.0,0.4386638398229575,0.4792919520835436,0.4290115128835553,0.5900462442104182,36.40627058780425
375,coastal_high,region_3,126.74852517544565,19460,51.845503908038474,35.050371564136924,0.6385453551493718,2376.850622371892,2.39149310744312,0.2273316350526759,0.41315035076316436,0.30345589777151055,0.2881832838675924,0.37719749128731705,17.195605799727346
376,mountain,region_3,168.1121687903619,8464,50.489709206087156,2896.053654970521,59.065546480338426,2538.409476846115,1.0176290415779345,0.714108976338454,0.43017337999524413,0.4502867449077268,0.3955405297332033,0.4526660100988194,28.34085577096931
377,coastal_mod,region_3,102.78070699508335,23712,30.086628139013754,76.71637029927835,3.798001739504838,2126.0229531979107,1.4097635095285772,0.13921606131286496,0.36243669488601865,0.2841028906073185,0.21011748190299032,0.3800719193830472,20.485797348416376
378,coastal_mod,region_5,86.56590208828563,19517,10.818842259844436,32.12617329995869,1.902568248324676,2197.903200325255,1.3221286053136565,0.1395272035217138,0.5477624290482309,0.5542243185886887,0.4927831614278372,0.5121493579608899,30.445217320514207
379,inland_flood,region_2,72.39430139325863,17587,31.41551571854906,56.94615958783524,61.284664189122594,2099.816632469591,0.3656142800620642,0.11177029930303542,0.5217551215132139,0.4258853100282027,0.4458055812607493,0.5065532133276598,25.848076379507763
380,coastal_mod,region_5,24.728396837138046,6941,40.086101186005116,90.98082755466822,2.468436098046066,2027.2086500805049,0.8159467813202973,0.1635465137631421,0.4849643788684576,0.5017714549980075,0.48789516806865973,0.3852307330309708,18.902728267833663
381,mountain,region_4,148.96946914415622,4161,61.917991437687824,1185.5765194759758,48.2299384753619,2842.07326740772,1.3942557661492443,0.7177806248883043,0.38695263099679233,0.4075329993498336,0.3271202569251706,0.46290689965624887,28.894318175461834
382,inland_flood,region_5,266.32850271416623,16003,36.20957781733784,70.4825745930752,29.096831226408348,1908.3560770287186,0.8243492190701839,0.11536197877434376,0.3675290353374156,0.28022598246877134,0.282082341997389,0.24524320939921776,7.539725529354658
383,coastal_mod,region_5,189.0455907823154,19298,20.40008190559466,31.307485003940698,1.0178222296892852,2165.8555884566,1.6896861282656626,0.15799314114218962,0.36460939570313544,0.28327552481117924,0.37550990976052157,0.21367446613320668,8.544794489625435
384,coastal_mod,region_4,156.29268982673204,14003,30.648550292053788,88.59617719301754,3.5180006317309953,2326.4589461057494,0.9190900180278614,0.14984195187271504,0.44170256243972855,0.35274322119285745,0.2875224193865233,0.2933037076601282,11.24854640129112
385,urban,region_2,128.57787547527494,241298,22.310763167210247,15.883752565755312,0.04560054521433765,2168.1000603494504,0.9859425113895204,0.1966598281296919,0.6549540391585604,0.5565932010159916,0.5870881690147269,0.6229462525835889,34.68726478446379
386,inland_flood,region_4,139.32048789515758,18935,31.884698628108442,43.9620765889462,52.54233729815185,2193.268377362856,1.2035922840645148,0.08372233660897783,0.6307464788492304,0.596487791196138,0.6494275862411659,0.5358033369960321,37.95367874509745
387,urban,region_4,62.78320427158528,457553,19.112161038091067,70.7226284075908,4.474543843793256,2195.0893204454114,1.2692496892904102,0.11092336048225952,0.6433104353788826,0.6926302669151007,0.5006522904422085,0.5264373875238398,35.344373405710826
388,coastal_high,region_2,246.88076315792918,33213,30.92511361103304,52.594893155696546,1.657436492880644,2787.61226462247,2.3613001515968137,0.18715195989886643,0.5913391345755816,0.46726549038761966,0.5199673930585115,0.565934718641709,31.769676465021554
389,mountain,region_4,59.514888984458416,14174,31.175948810324577,4100.765189569765,142.25104961299,2237.313742917429,0.8959102302210578,0.7371774414272327,0.3399939736350141,0.3587304962050215,0.3978307099698607,0.23440376047345363,23.03443145375894
390,inland_flood,region_2,214.9868270181939,11692,45.63505624411255,61.78601133735826,72.14285661100902,1679.368670574344,0.9376984107980174,0.10587198605614473,0.4899033455880215,0.3436025141098148,0.29330393485800754,0.3917346792651618,11.925527483267825
391,coastal_high,region_3,227.9955034488458,60772,30.187659793639472,19.02303768492742,1.7292895198153666,2028.9444388988559,1.9959868515475332,0.12080630052668506,0.4333631868473799,0.4591619830359901,0.5194619858963252,0.5501101064226782,28.306876439626716
392,coastal_mod,region_4,172.46071260832028,29749,9.720112534474591,34.375986537877914,3.3445625011098006,1615.2514483251953,1.0417992032209997,0.14553085863234078,0.40441917061608323,0.4262402145267572,0.4859534805992175,0.52217203655234,27.205464458144743
393,inland_flood,region_1,258.87791248644857,36049,25.82253212564849,13.613094256941158,61.90176026495039,2528.8180153187827,1.4208103869197495,0.14537065523927262,0.5831198096340144,0.44581566577494225,0.5726254154524772,0.4874060626087266,17.590035572734763
394,coastal_high,region_2,87.315105735195,69017,34.56090838216198,2.534339673615378,2.7694179978735636,1714.8906356423497,2.6701927318389647,0.139544823037076,0.418244474735128,0.36580748587872836,0.429949483886792,0.5061316930595848,26.293332283617207
395,coastal_mod,region_4,264.485166372859,35277,44.464244456761136,50.03355245039357,3.9163765435163977,2617.8032246419857,1.0883891135767447,0.09941562168584028,0.46285263378001673,0.3525017331553879,0.4938399083447382,0.4590863311171559,15.711704158008938
396,mountain,region_3,218.82313787979126,9058,34.39130606963166,714.1869147839442,41.91692689023824,1989.5654943512634,0.5687762693979155,0.7507036114668185,0.29846132714137724,0.23132941601916537,0.2913356410347036,0.23470641835965717,12.251799481745444
397,coastal_high,region_5,239.62494832852823,45272,42.10263782413929,12.683018961472323,2.29826460127197,3074.576388847922,2.0956680572733726,0.21652490325996493,0.6160897206843725,0.4486545361355548,0.37181166238084296,0.566179412149466,33.00589797815903
398,coastal_mod,region_1,199.37391285819425,51575,21.81819686555711,43.56965486443299,0.08383323115507313,1429.1109902295925,1.5021305044589455,0.055213422985293234,0.5501646096251861,0.34754071713084866,0.34757161201652736,0.3270891334457273,22.883937571728985
399,coastal_mod,region_4,253.90290509699082,13073,29.550736676466414,50.91757092475696,6.117107837125389,2117.7171343408513,1.3454545376129992,0.07318175832613284,0.5454083498969576,0.4192230558066217,0.4585426790237702,0.38497911292503695,21.222426822056587
400,coastal_high,region_5,297.9296588152908,20628,50.33358155281129,21.9175115998641,0.2547498116597099,3181.609761210107,2.3498560195743163,0.20051251527727448,0.46645030888089195,0.4088909338309099,0.46596460759451247,0.3124461988500302,25.789639779967608
401,mountain,region_5,126.04885635739159,11652,45.990668389624794,894.9238845741125,42.79398892395443,2756.6047817377907,0.8852253157165904,0.7935838395961482,0.5436386297813313,0.47459435328611554,0.4475021374090446,0.5164282063585184,35.547707607505124
402,inland_flood,region_1,244.1747051128711,25140,45.17804659220523,47.146778159280956,66.90241220069157,1898.8203617927625,0.96561065756523,0.044336241425515135,0.45893992803889505,0.3817822521086439,0.5037147571993377,0.38165037557360815,25.035994662946695
403,coastal_high,region_5,223.37392785541007,17297,36.65717838323415,40.773482272590535,2.068565114686216,1822.8090793886072,2.9239236210309607,0.1914595213832363,0.4242529978042358,0.2843021553277708,0.2596191823728381,0.23643955429255412,15.757979885991706
404,urban,region_2,135.8610497136054,256566,27.23827304386031,20.714293438920098,8.428546940049568,1703.2534433547205,1.142439024521408,0.23224336706572096,0.544500857329047,0.494342310107467,0.5344270535293272,0.4734462931843609,24.59520311713667
405,mountain,region_2,278.0846999197536,9094,47.43075664807819,414.6413854308038,128.47022312522324,3094.5735482796895,1.391984067847364,0.6638728378117416,0.39151473918708213,0.2620165118553801,0.24909635287530296,0.1690264823994064,6.091930612446955
406,coastal_high,region_2,118.3277788717784,4945,30.763313343766747,17.06407963873262,2.55410553223129,2460.7035194985096,2.6340589203042595,0.22927119861805584,0.5452185277488925,0.5255633939176892,0.4678546462900629,0.5996040208885355,37.00282764496847
407,mountain,region_4,169.63977488287125,8122,22.059910120203842,1160.4716712939796,84.90147067875441,2364.0879482932805,1.0512280519753947,0.7106731076163909,0.32174982125571555,0.2775953787327772,0.25218963992403703,0.32553808961393604,12.263515726837001
408,coastal_high,region_4,31.782707097288466,31521,28.03265099903891,42.54412460873033,2.9888960611636124,2713.4140418810525,1.6221604490651425,0.1664494149691755,0.5618418404566387,0.5049058384008182,0.713044160152313,0.5615693128491175,39.8632364440886
409,urban,region_3,67.73255821987986,243731,8.674742404881899,109.40092542093396,5.363699094586609,1709.1483260737332,1.3093172471088885,0.11588351917091892,0.5833484696486027,0.5539048768139508,0.46296512185190697,0.5496280637915235,22.742481801578098
410,inland_flood,region_1,252.2088511601282,55978,39.860205246057276,69.97721562514143,30.290465997247896,2122.1870539520537,0.8455915727813359,0.20123168049908396,0.4489397181291376,0.37650296920056014,0.4419754683376231,0.4234970499509635,22.956983892210758
411,inland_flood,region_5,118.9658168486542,6818,38.50307935088706,182.38665464403056,70.75858658719349,1874.1153557992982,1.0060272074321421,0.19479878736187958,0.525323615992468,0.40233421348571075,0.3786848296184914,0.4873823152169196,21.29141531932713
412,coastal_high,region_2,118.22522682457746,17289,24.62139467967556,14.430237727634294,1.2467108386779908,2717.4811142302165,1.8811099622836356,0.23647885198668028,0.5043353730190636,0.43757298124105637,0.43855161241051827,0.5287986718892717,32.70745871843278
413,mountain,region_1,73.79430545718607,942,35.7202120517886,491.6223221621283,134.9399581474337,2110.9745397314828,1.1268773847150158,0.7803222003665972,0.5317905548665971,0.4021054327467132,0.37814424085017767,0.46070787492453924,32.74865102515302
414,coastal_high,region_3,147.48310028923632,23556,41.397196131038434,33.90081707748876,0.1834990334712121,1970.7535759755372,2.49549550813332,0.1501142779223485,0.5047757253021058,0.33773626592264405,0.4182740909587007,0.39145411250605955,19.526705458499194
415,coastal_high,region_3,241.74508840518672,25436,39.969153540477365,37.635558099048595,0.3331563345199249,2429.050987275193,2.5510072906200825,0.30605370202062904,0.47859982304454807,0.4978946725433997,0.37068003128864857,0.4723344676034041,27.849973178767915
416,coastal_high,region_4,268.5492353321219,22948,43.71136499728419,28.290393532530842,0.12081798367188734,2856.3110468432005,2.08534638508464,0.21801678567180963,0.6447887279311189,0.46966359874787544,0.5778793903300746,0.49175901639493325,35.3387923383543
417,inland_flood,region_5,21.034329613255164,43745,37.43544915462377,350.6165555485072,56.120657618144605,2118.2180267231106,0.6821724693859681,0.18293939316746965,0.5596457041542825,0.34056709022752907,0.4191464415811928,0.3884711887617456,32.9705999532264
418,coastal_high,region_1,172.44621937203465,78791,55.759878145254206,15.138050162588957,2.495592543349499,2612.3723469338906,2.3055044249412355,0.10039760246895255,0.569728533364102,0.4253622580282434,0.4147688993576304,0.42647965723613934,22.15575901858476
419,mountain,region_2,140.18201036770037,10615,24.450145447186237,2390.2716606794033,78.3192940330406,2849.0659265051713,1.4268222966446222,0.6638133165802538,0.41126104142234676,0.3033818232384534,0.3837774999847184,0.4191515635955527,22.747464530012273
420,inland_flood,region_3,184.2845551414735,13406,26.346745649477114,33.58256571599369,25.44172698026142,1938.921796236732,1.0208168903840602,0.07831501956787182,0.31419040170806434,0.35042486124118694,0.21267190292021793,0.35241100587893126,12.814158548338161
421,coastal_high,region_4,134.18270607248073,91452,38.214068905839895,39.81045035594994,1.1204064822928603,2622.510525606087,2.33568912583363,0.10398817922244794,0.44668137341296454,0.41159714155998073,0.44486993451693846,0.5255131177762886,26.76965704420587
422,coastal_high,region_4,119.59344625602454,35675,37.15996177595769,25.38441900937489,1.0441383970191898,2408.09324812251,2.1295229662354007,0.21929327310893126,0.3589640437722901,0.295194103494507,0.32988837142541766,0.3209015805150144,10.09488773375675
423,coastal_high,region_2,141.56421372884682,17388,46.75686279667364,29.7679608697157,1.9304157742923442,2982.647190701382,2.048958938231271,0.17485651995589932,0.4560952163225712,0.5215275277069942,0.5300630042525474,0.47378472047807585,25.615770773506707
424,inland_flood,region_4,174.59973862692425,4568,62.63979359973608,91.10269730438317,59.12909772778003,2087.458564316529,1.1974827815813496,0.12086790298231967,0.31172151936575765,0.372908811112696,0.2844521322102861,0.33239864997983304,15.421632967351584
425,mountain,region_5,150.29496330953305,6652,57.09373702165929,1044.3383821588407,42.36284607016237,2121.520944913314,0.8681799697983403,0.7108206363930251,0.5342487415185391,0.38836968679358563,0.40166722846257963,0.4137700676384729,26.341172176720242
426,coastal_high,region_3,141.64333530619385,71623,40.050221671132235,22.308610874672322,1.2605303325765822,2004.388101388878,2.321056873458799,0.13748894277577953,0.2764522171417172,0.22764130421711204,0.3221771113869145,0.22479656502365536,10.257807298869706
427,mountain,region_5,245.35059298742422,76794,18.627422458155593,156.34731265600973,107.10174321825185,2952.480637449163,1.0522520571831082,0.7426395285889624,0.5434738800209188,0.38019672409192246,0.5541167396181896,0.5085217882302204,30.994703309041594
428,coastal_high,region_4,223.69439737135733,38386,26.916567310572425,47.331709613428366,0.7765836275701042,2302.373979526144,2.3042550517416727,0.10685842099170204,0.6620078976584878,0.6571349137060631,0.4914237152203457,0.5552189971390725,34.803454239023516
429,mountain,region_2,102.41354825435785,4970,44.845382732210965,305.26542393127687,78.84963438341731,2436.0321762447734,1.067356595816322,0.7226330065590117,0.406775081391049,0.35778696242314334,0.3268101073271809,0.43167346595103906,29.489213534636615
430,mountain,region_2,240.17313525459613,3406,39.90372593105189,721.343051348013,103.64339179740226,3576.299841572286,0.6440982801719726,0.727170651190528,0.361581874361436,0.3214284489760098,0.24393411179055394,0.17118201517471715,9.058773134737198
431,inland_flood,region_4,256.09520070135005,28044,48.02838138247625,83.72160545633669,44.17224207469411,2240.452862519993,0.7257911930959506,0.10896867019882098,0.5006789013357746,0.4475336262523244,0.41334797407605534,0.4285960350640826,31.224132905081216
432,inland_flood,region_2,46.04766161225715,4395,47.09029326270406,24.278289184161316,21.851658293934072,2483.3448766480974,0.9872135180178231,0.22980978549720327,0.4582552040016672,0.2818757648551481,0.3597354081784244,0.3713712993315958,13.072991149447361
433,mountain,region_2,174.80473851922764,16241,45.82855269700102,891.5664733483643,56.713919451540704,2130.9375937294258,0.8944316039216257,0.7002588352543607,0.4009010274870266,0.4219067945535441,0.3560386691530886,0.40103526427661795,26.742617388808327
434,coastal_high,region_2,85.59359807976413,75806,32.100287208021776,43.621065179418366,2.3282427433965713,3028.390558728083,2.0433031519841114,0.10109821817676676,0.4251666692592454,0.34934175488619057,0.42404924697855895,0.3290227841157258,20.964133399802318
435,coastal_high,region_4,221.75169657801678,53779,21.325699888094285,17.688889527947868,0.745512236250092,2610.6675971807563,2.272300088924403,0.19294234445799358,0.5566269490376136,0.4975176486062071,0.4701809160669091,0.48998203668303353,27.919945946434662
436,coastal_high,region_2,71.63559880760498,29801,27.20734647443357,22.585866867488765,2.453134338193842,2746.4067683074327,2.4724652292502123,0.15310571805269735,0.39148937519751204,0.35596306464760286,0.37548986541510354,0.25068360345852275,11.846983587910788
437,coastal_mod,region_4,201.42105725190956,34611,26.38431353789098,18.21793781379998,3.735262605614591,2907.294599563846,1.7562535622460458,0.1707286841830346,0.31941783033142,0.2782919020122464,0.16240043584909258,0.351128486853546,9.669063382744326
438,inland_flood,region_5,76.53739681729017,20676,31.994541865122233,51.9147670098437,48.375268231836685,1916.4062527550882,1.4236785617941468,0.09164161816023847,0.5026063239896121,0.2953671499658405,0.26187582822131183,0.28879628097035986,12.606586069623763
439,inland_flood,region_5,153.34312902898296,9676,33.60954870570309,20.92869120210835,66.23097291988267,2005.7763361029608,0.6055595010828445,0.19097380141467174,0.4089651816764052,0.3518271004187251,0.4892456603951403,0.41969806800298487,23.51208385203072
440,mountain,region_5,284.59394037485765,52332,31.2890098761551,1147.958032797783,75.99522156190741,1948.3926742460187,0.5511004278874725,0.8279831815551945,0.40604851054151125,0.2286928396761846,0.2996444789783546,0.3086045705016366,10.976023692987365
441,coastal_high,region_1,114.39226153693035,26462,37.92073449272974,6.1024342628154535,0.7154417764571128,2955.3874223632306,2.113106381967506,0.08696123877855796,0.4998996686685802,0.40396695635482227,0.3297069733207789,0.44398367277099854,27.433052592427657
442,inland_flood,region_3,262.7215457889623,33543,19.680955760266432,39.07372269404241,26.301942603045987,1831.8119305140092,1.024085962302213,0.16836946802485409,0.5521752805249726,0.5076536687264179,0.49608178175780016,0.51045674586525,33.870154468411094
443,coastal_high,region_2,296.0833743611684,4118,25.013891917375155,25.555397360032728,2.015729628506304,3009.0841663275514,2.1284745988429035,0.11116553931293263,0.5442292346338845,0.2893351074501791,0.3610172481952281,0.3441765173001655,22.45195471922463
444,coastal_high,region_5,262.455254641549,114556,35.21354003488704,21.123914445263505,1.40982761937865,1940.0347033020594,2.034208200945235,0.28483658449921906,0.4306935949303664,0.252154677119934,0.30585636133692573,0.3799483955762997,21.079954591402412
445,inland_flood,region_4,49.75980891700286,58396,25.919153323269295,87.17992740862627,68.56441284200761,2164.591421550082,0.9086745279407884,0.2134520235852851,0.5051688367053566,0.46624426307049815,0.4951293057798451,0.4475637843729631,30.71215857800524
446,urban,region_2,245.89746586054892,273183,7.44363989037163,30.19174165057283,6.865120628614595,1906.8920081810834,1.444994146729751,0.1646145890390818,0.6066689032805804,0.4904499449745924,0.541997688563911,0.4608133737959232,24.383982962003014
447,inland_flood,region_3,9.644818530168376,28198,55.98587097143918,10.376075543299484,44.888640506890454,2219.1552917990634,0.6011132659623903,0.08878163183671145,0.39484530152648134,0.2818176456957487,0.30927317406724397,0.25162606336349724,16.964276502334737
448,coastal_high,region_4,117.99056510979236,60033,41.67243792757112,8.956574125717598,0.8965562522242119,2594.5763308583087,2.903007151776131,0.10084826020560486,0.3614203259803454,0.2505745646844853,0.34983806642411347,0.3371109217638235,6.311780933810907
449,inland_flood,region_3,261.22001199535913,10783,28.1595538781205,65.66982456116764,31.965672376421466,1839.3983255395126,1.0062980630152898,0.18842132988694174,0.5023736335274926,0.4460155438236261,0.43272821219106,0.4415892287672162,18.849792280254704
450,coastal_high,region_3,206.62566382797596,59421,44.45642658536725,51.871985633547695,2.491310833945394,2445.376153249602,2.5152542182686175,0.08275027672195079,0.41776407447126285,0.34769394679429,0.3733430825043467,0.45649952863354,26.153181591108982
451,mountain,region_1,159.82212820136343,4780,50.41116765900485,1825.4770698470772,41.42536451361196,1974.80584997068,0.7259985315106477,0.6642332860870378,0.4803110695599321,0.40845077168962,0.4810566712060132,0.4554952919424947,31.093472733613694
452,inland_flood,region_3,116.35920752478616,11081,35.467094183339995,344.53852663571774,74.12766340109874,2251.3363265962575,1.1723048777574305,0.15625264103287798,0.43908327316930024,0.30505383424474497,0.4323033558985137,0.4753079381923836,15.486924673773219
453,coastal_high,region_2,243.6890839410858,100132,50.500083930482106,16.109428056059702,0.08072745371205148,2180.5450602298342,2.230027321848573,0.15694253934488042,0.40800021047550067,0.45789673628598465,0.4062418699330276,0.512460198930896,24.97525884306059
454,coastal_high,region_5,212.86752118446626,87307,25.65814783331417,42.59286164671557,1.5667570056966253,2493.168544506881,2.457042518166488,0.16971995281198715,0.540801400297906,0.43948975079957614,0.4295283348545687,0.489592936192074,28.159371061272047
455,coastal_high,region_5,140.521595884702,19230,33.90015337425375,40.4903006570142,0.17498568645325285,2738.0958318809894,2.1404059246528746,0.12870665521252922,0.5495731892758975,0.551575801717961,0.5867545200976088,0.5269298788366966,36.436182904091694
456,urban,region_4,267.74530116289793,172793,27.146901530961898,93.5113268296327,11.694106819644494,2584.048357634556,1.7654690701269034,0.19758451403893015,0.53273403342203,0.5498112774326125,0.41900988699306774,0.32272561983392745,15.270098115227794
457,coastal_mod,region_1,68.98440534558972,13141,25.844771724147254,96.20022474281642,1.6919721924729068,2196.745489687865,0.9523832457538868,0.10853180274583085,0.46601102601669087,0.4535151295743612,0.41302566709677063,0.5209323337922434,30.436886747104296
458,inland_flood,region_5,51.117452747587464,32406,55.04030737815544,80.81288709573492,53.95535457419213,1927.2468240384678,1.284812149059407,0.18269522917229694,0.42399649336107215,0.38618721356404306,0.3105235587139631,0.4609801206245337,27.045689208380335
459,inland_flood,region_2,192.84112930007447,8103,31.724579731842205,100.79000909328124,74.98676615545666,2082.0904595348084,1.0356159266599145,0.16240598484296384,0.45630568299579877,0.48263076825532053,0.28470675803314394,0.6223792140414424,27.407639192807828
460,coastal_mod,region_3,291.5983028105311,29300,29.37509144906708,54.63257763770051,5.19407148489941,1474.2875245139498,1.0945019904881168,0.18095390176299922,0.5275962858459934,0.5192184274864775,0.39113053210018717,0.3278118825652918,20.90604459703096
461,coastal_high,region_5,74.1769719920311,71122,29.54878788101191,23.91294555781387,0.5349598949217463,2120.541719723712,2.785619761014133,0.2095032246508824,0.6342001986968863,0.5689216439666991,0.5639226396378039,0.6370048298423704,41.33591471294693
462,mountain,region_5,74.90111368014794,9141,38.63178180327851,1434.823592496093,125.60133225058809,2212.3167505607744,1.4546093179702737,0.7014334963578124,0.4922570858808459,0.3501063093322886,0.3955556256419976,0.4401713377865078,30.443227822084392
463,coastal_high,region_1,41.84965438865697,90134,27.291625114138284,28.028634952192768,1.324438820425048,2314.812339706939,1.5778387765529636,0.11741886176781313,0.4764713199648745,0.48267520289177696,0.5437446039901161,0.4444042765064105,22.41565202717443
464,coastal_mod,region_2,258.16906658208967,17266,36.9015226985957,45.23609411117735,0.10541390674205342,1639.7083487648056,1.4530353162037473,0.06634327610145228,0.34939823490481287,0.30810721284416664,0.28926697369938054,0.30995146015806696,6.9223097864405005
465,inland_flood,region_4,67.91926212340023,15197,44.082637311015475,192.90805426264802,49.2058982064701,2257.3335953502756,1.211698766419221,0.05230353338937781,0.42209544652757547,0.1936414238016213,0.34451701652914435,0.29014778132025965,9.955723297071746
466,inland_flood,region_3,150.95355801746635,8251,29.695671011435447,81.97781433323078,68.74908063580042,2077.9270188671967,1.1325114424953444,0.1425839515614175,0.4973082271017092,0.5730595031002566,0.5133016430491756,0.4753852365473722,32.66377984722129
467,mountain,region_2,297.2617434006614,24722,63.84462080560732,1049.8722417351096,81.59491570003357,2470.1326236412538,1.35465888248353,0.7123312784313509,0.4907693998657319,0.6095822363330993,0.6660900348401231,0.5964067606700743,39.59899099542803
468,coastal_high,region_3,3.642270276613069,18217,42.97590041165365,21.63285998960797,2.275284151439977,2322.4035395382507,2.5922898122543847,0.09606070933210561,0.5096051466874127,0.42226375810409683,0.49991299351502816,0.5468253469367778,32.18214572032424
469,coastal_mod,region_5,166.94582715323824,29138,12.306492245098074,33.630703264674196,5.644207076275242,2227.7875376322827,1.4795562068951544,0.10701223932889078,0.5093490541512752,0.42980889566565716,0.38796388776374646,0.5611039635157082,30.203545915082245
470,coastal_mod,region_2,153.68671281148374,20804,31.06497035695109,14.505032324130553,3.655298538706278,2380.057310804371,2.0831310837234907,0.2264173385704015,0.3959935932795056,0.41053676492738644,0.46579040067672944,0.44471586458146356,24.410962436296888
471,coastal_mod,region_4,242.2342129230464,9487,52.417243481859686,39.88550151519669,2.586260680203579,2107.2863811338516,1.6810539568122729,0.19446470841648691,0.4198620560855238,0.38093850606468266,0.5270523582522244,0.45860889508567876,23.078538467700156
472,coastal_high,region_4,106.58446186583309,20990,30.650773932086455,53.70542057990594,2.179620004686469,2777.828895696146,2.0945756514466236,0.08782546606971504,0.5069203706836408,0.43670393387755035,0.3371248798958088,0.45832399931520085,28.17338754495049
473,coastal_high,region_5,123.10240766971246,126069,18.51064778803537,15.71604354935446,1.1067552532150962,2281.575807269954,2.0342957215514947,0.12814766838478303,0.4223195753798735,0.3611464217448718,0.43515325734351773,0.3743709900190125,22.570153711829928
474,coastal_high,region_2,50.3813941796591,43542,54.17962739970513,2.182158763148897,0.510261320185955,2638.9941251958853,2.5730024508920826,0.1703369394487745,0.4768833137859216,0.3718070643625064,0.44344607095299887,0.43462466694511104,21.40750938586608
475,coastal_high,region_2,222.244569490736,14643,36.62469520004152,34.90000807343521,0.9625891845839382,3056.99931317044,1.9621137320408677,0.11926608153438287,0.45112960151662057,0.31151962182306636,0.3689676907875512,0.3266171836065252,16.457648275624603
476,coastal_mod,region_3,235.4126727564445,28120,35.879990491869265,48.030892951034254,7.014713543424386,2631.2068962516137,1.2770785161624567,0.11037533595403126,0.46278699429992204,0.36189144435242027,0.17522924828746925,0.30783088332131664,15.570605067552828
477,inland_flood,region_3,40.99899623364907,16044,19.827124070009074,190.6126054639853,37.00334672824314,2398.276641484899,0.9281284325635456,0.1363026333507826,0.3634101930451634,0.38021271497242753,0.3022657895631307,0.24048844081381776,12.051045585774524
478,inland_flood,region_3,118.03712219649653,285854,41.01903724031593,38.12802528911798,34.097632090684165,2085.670524629875,1.1066960179828451,0.2051761216098342,0.4838670652876931,0.404631365757918,0.37477741234164635,0.4145752653192284,20.841011545492947
479,coastal_mod,region_4,267.87149860880487,27669,27.17687580159922,12.90926046252279,1.0673605658444973,2211.064884200211,1.3419624911115253,0.2092877961219196,0.5122852629018393,0.41201658601715097,0.5056152629946687,0.3540632736240614,19.758017288287512
480,coastal_mod,region_4,0.8121821027361475,16244,11.14001700517487,34.586871773670985,0.4414227565417921,2042.923879344205,1.0049087310559583,0.11381101042327293,0.4443881039943152,0.4390564886510361,0.4022831601382074,0.3854644848571283,16.73870027913579
481,coastal_high,region_2,89.62772118678969,130356,45.737323983282735,18.212611190491632,2.9300770625988948,1877.0060973930333,2.5486239213972293,0.17333473344156208,0.6073554784659666,0.5247554781541591,0.4999217509082141,0.5277683453010988,35.20941247309457
482,coastal_mod,region_4,166.5126855157643,5050,12.801035472250804,8.380629084049371,4.294214618084884,1729.2851062598277,1.2786804053644654,0.14982076225936436,0.49065117495453275,0.6250982718198016,0.5034293312402628,0.5254816174602566,35.41128294368842
483,coastal_high,region_2,100.228157897986,39532,32.89763362754879,26.432931023325846,2.1889333818620926,2532.778011213896,2.8059805806398477,0.10003405017063115,0.4947874404992431,0.43942784431211046,0.5247908441384607,0.5388160628290442,31.408736173013107
484,coastal_high,region_3,81.61355675330083,218597,46.03755928102225,16.99636542376794,2.3189203406061156,2556.684620348628,2.291197002177952,0.13543293952506186,0.37792186020494506,0.4505220963331463,0.4108870898989422,0.2764156577835538,26.86030315511607
485,coastal_mod,region_1,138.0112454709638,20071,26.422243524702775,104.5882938518406,2.81853595776378,2694.278060082272,1.7801622453206476,0.0885523043834481,0.5016238701486095,0.48551337349800033,0.44382679610491454,0.405880636895497,28.017115102412696
486,coastal_mod,region_2,54.456932432908125,5504,18.996388137551882,44.60236161624414,6.391247281289768,2660.179695281469,1.5892584542542376,0.20890503706707336,0.4950444021574261,0.3876375152220526,0.4595393773672737,0.5028454332219175,19.77185144614279
487,coastal_high,region_5,158.88757228784516,25429,49.017180910972094,12.781200504989185,2.8844527332601464,2325.405543405366,2.594516881436988,0.2278391732356865,0.5358980140891565,0.5614517413277462,0.415662008174849,0.482720357780279,32.030825545613325
488,coastal_mod,region_3,212.00877639396776,70517,47.5994920438986,40.45235505729735,5.934094801924274,2486.4140002811564,1.5711016988793296,0.13015362602417507,0.5510406410742669,0.6376668958745053,0.36287129022640496,0.5046065999525001,32.43607575065877
489,coastal_mod,region_4,172.58848578855066,29758,44.0139595416964,47.344971752077164,5.693865013302232,2033.0258973991313,1.4705506501975418,0.11834456716901051,0.4532423693453716,0.4069545768482761,0.4574294479176231,0.48011929393397734,24.324657008879655
490,inland_flood,region_1,27.93279925755927,9218,34.33579356901939,99.6356086268899,45.9340271949212,2204.7849029011404,1.327970227556955,0.2044102023688711,0.3566178737749841,0.3810082855144033,0.3931630641874224,0.31511437444304385,19.737780773259967
491,inland_flood,region_4,253.32258424967196,10423,43.65915674701058,67.18286173277549,70.47920754852768,2241.8053184320233,1.7457916343776159,0.21194057093634586,0.4207116169501424,0.398334752502066,0.43387841319804654,0.39758598310473836,20.551077135286555
492,inland_flood,region_2,52.493351246246455,11524,43.629234802739845,241.78455093580976,25.330242507400982,2372.6278436443213,0.9190609184185374,0.09835743199087754,0.5441462268601888,0.46933316365123645,0.4582998424239649,0.46405676571836574,28.119049265767853
493,coastal_high,region_4,229.4436001833386,50265,22.330589161295645,8.43179770771654,2.2490511367258454,2402.9426580869213,2.4384780963175046,0.14273997948913855,0.552912642815354,0.4118282470189711,0.4641295964376998,0.6124636341704134,32.9481788599253
494,inland_flood,region_5,108.16953323275513,52604,34.726541413909125,44.70007085321703,41.71961252857143,2304.2911061542773,0.9984265232469554,0.14780700380565032,0.43787385089680236,0.3277668212570774,0.4409368896535028,0.4088310175860795,25.88364562660155
495,coastal_mod,region_3,234.8284044168307,51120,27.969171042315804,21.382531418444245,4.527791326382331,1544.5150873575549,1.5518177061479101,0.11182182973876406,0.5124614039968932,0.468088402403688,0.3379722041115672,0.38159378221036855,17.77794987679389
496,coastal_mod,region_1,61.88187102160373,31723,37.257707653912284,31.507193509969035,7.1437101591762175,2653.6754885386017,1.4126475672729601,0.16983049335039513,0.46287201997675176,0.4518854590491319,0.5054026021198843,0.4952638756884477,23.500815691739525
497,inland_flood,region_3,55.998631108628935,6214,63.600548409152694,82.67224068339132,56.301173597268516,1992.494983154445,0.3526771342868791,0.11639710508889678,0.5472860095729873,0.5382799670287448,0.44725986219340763,0.46352583138834086,39.82208051284928
498,coastal_mod,region_1,149.10775386524466,7613,31.02608306432675,49.04666864246198,0.20465224289972905,2198.695200705006,1.3399439846785468,0.12381419679753744,0.4827672371300715,0.3969067771910223,0.44752244439563504,0.41115035210318684,21.863388203990947
499,coastal_mod,region_3,9.880804409508148,33745,45.27555320564905,61.19959034210034,5.78083876418477,1486.8972230083416,1.6998665218425602,0.1459650719602813,0.5010556089377496,0.3489450694770242,0.3409920063656737,0.3516074108967679,14.931567509581791
500,inland_flood,region_1,67.58920163470002,6146,37.47506567913326,71.03938168390103,75.74147037221836,1883.4002338257858,0.7704380130194288,0.07674505485998581,0.5698974640764537,0.4557629683894181,0.5911137762481001,0.568444337185066,33.0119191002283
501,mountain,region_4,217.2036756553045,8078,47.39897574754753,1114.1006434683463,107.04143343726712,3077.7396998067757,1.176283932921463,0.6159680521607911,0.3098353364340851,0.3009890397387236,0.2845402020985702,0.48192008184755664,20.774815104543414
502,mountain,region_2,251.21504349162765,13013,48.64517267294658,1081.8297871713962,133.37040929514885,2186.6490541485928,0.9550827493171035,0.7641600452072869,0.6060278279614464,0.4912714146654672,0.5026715413787507,0.5819636933270501,38.289658684628606
503,coastal_mod,region_2,24.235609181343133,8865,19.121951894044702,29.135888732278183,6.602366042735475,2449.7119663413227,1.3425528407437373,0.1134752591378459,0.5903068722311111,0.5019915304690818,0.35367766514935917,0.5032751384808242,22.61074951930181
504,coastal_mod,region_1,264.6233128314313,9706,30.68424720715362,27.383248964143025,6.8903382638716995,2212.094294699938,1.6717446155850102,0.25720505725953136,0.4017744880850457,0.24308711406708486,0.29167796488292524,0.35546279774150263,10.686311514463059
505,inland_flood,region_5,239.2551612159537,16725,25.0396523659215,33.609948963651256,40.64602416153649,2318.8007418799093,1.2043094630692786,0.24915877052897412,0.47821009784448926,0.41845817726800805,0.49274403041812387,0.5103429442311707,30.928609789769247
506,coastal_high,region_5,260.9052887120896,57141,39.96548382838556,38.10510298190914,1.4224905813260436,2676.60038608165,2.326164121359411,0.12531875964357114,0.4314729971150201,0.2053007049336174,0.19980956191127994,0.31656441715112327,14.257660202993577
507,mountain,region_5,209.52856637365198,25728,56.68320941891106,111.58956418417714,131.7640206035678,1934.0942344509488,1.2047700608341243,0.8188347488367518,0.4889104851830356,0.2830957211963149,0.3010215872122455,0.31708339828865434,21.40023603307734
508,coastal_mod,region_1,202.24592018818942,35797,30.979200721383044,45.667196539163676,7.283188599451641,2219.75773794713,1.4609294958765742,0.19764896146580438,0.49627107367327994,0.35546993225518686,0.4150934024788577,0.25466737287970015,15.367318269276655
509,coastal_high,region_2,157.52797000345913,38804,35.02698001280393,43.16302250402378,0.4405244977792393,3240.4867614804853,1.706600190103293,0.11846230878870359,0.3539176011017363,0.4189795772194441,0.36391779492508447,0.3960642140647057,19.38370287700667
510,coastal_high,region_5,195.8361673473945,18553,48.50967085342524,51.20027142199909,0.5445971387744518,2799.0580312144807,2.0865637380603044,0.02177157030793625,0.5084352978355371,0.40650171744906743,0.42211394116588347,0.46020771456305576,26.635255585911544
511,mountain,region_3,275.73289936998157,3775,39.6967761971602,71.0513391458434,71.61955200659213,2341.7768463531675,0.3586792731660403,0.7356061275289808,0.5311268601076562,0.4673593088501422,0.39752270342216056,0.5699995541156502,37.3649658801257
512,coastal_high,region_1,30.156600425012524,22930,50.32188796504889,17.93023960598088,2.3108934845380737,3502.297527653323,2.3972094478625903,0.15186720990019198,0.3826522786984049,0.37884046600940413,0.3578423244191432,0.3710921045699581,15.047153515989452
513,coastal_high,region_1,94.72934335382736,52519,39.36860260591985,13.262420743383474,2.6249434717736846,3063.6862810244884,2.4688599517878904,0.17179176677772565,0.6105723290715342,0.49603009288807176,0.519896381178106,0.6184431259956538,35.77091292510223
514,coastal_high,region_2,21.73649207876155,49166,44.29889889233057,16.73225056144195,1.740720424210036,2926.6935661593843,2.4825106726399127,0.13884040173132728,0.3577801328944591,0.3583121604085461,0.22799296695916435,0.15781155918470938,4.341926151386954
515,coastal_high,region_5,283.44155158321155,5486,43.98796003880243,58.61006879868337,0.3398045261796929,2726.93698609775,2.346728409768941,0.09379568636790919,0.5959544337177598,0.46739183428951925,0.5061101130876662,0.6217807633141815,35.4221034296739
516,coastal_high,region_1,133.5796397998164,17905,28.63379934496844,13.336042673316143,0.911244689901498,2892.1095339004432,2.49037753881679,0.12887359599639403,0.38782540654985703,0.3985512078692235,0.35931809159773775,0.32555711887191074,26.368076830745956
517,inland_flood,region_5,202.6033412028565,47268,21.970811475375896,114.91286215947395,71.4213803886579,2228.819621954852,0.5270189985197617,0.187270014976126,0.4359582623482875,0.376015289341164,0.30733025401985903,0.31689527349758856,6.833495580485658
518,coastal_high,region_4,252.33601935129641,38999,38.67194476981374,27.685451056765153,1.0426649348100447,1726.873861779145,2.167729923461714,0.1327481817598672,0.44773667725237576,0.41566951957351694,0.38426896809370714,0.5116714499536609,25.69767752089304
519,mountain,region_5,297.3000744229466,2764,39.626461254644816,645.7280546065732,42.33686917072748,2597.4681064147244,0.4755252033575355,0.6928701270229398,0.44673658183237797,0.3940729271759755,0.44427200738081263,0.37635820249297575,25.371743291188317
520,mountain,region_5,48.53473733767972,82474,40.170471123111625,592.3531276007535,66.24821593356938,2319.597070332171,0.7925011161582333,0.6340214298732876,0.47315533068110716,0.3140164716363657,0.26545924345973365,0.3937637365550901,19.89434166348941
521,coastal_mod,region_2,239.8537817154686,21522,48.83885321446246,49.73211327733714,6.453650818398467,2025.0783044021985,1.8848755207798271,0.15539881904449102,0.2993430476729801,0.28125295273659273,0.27702873235590303,0.21387276398991278,9.57414398842883
522,coastal_high,region_5,266.2268694410209,51323,47.70106223745362,23.2800846120003,1.4804385990574267,2521.825087982305,2.5279711547064085,0.0947960509803937,0.5312629600332786,0.594663567044642,0.698409181972169,0.6566096784682632,42.19892900553934
523,inland_flood,region_1,14.662613055262685,24825,39.7047553229213,12.392468369748668,30.294366532996477,1533.2453939533398,1.1986856219423265,0.19613532462897934,0.5051705364152997,0.3828482539332881,0.45594850516664653,0.3814602910154413,18.59701733562739
524,coastal_high,region_2,226.22716805567202,26086,13.324077958775812,10.738229020728058,0.9378971177398141,1878.1559599851284,2.1455139314198073,0.11347606879485964,0.47762417115691513,0.36999556871438094,0.4583356307994766,0.4126082276545886,22.716380912156303
525,coastal_mod,region_2,106.4175963589651,12307,40.82751278839844,50.671255651061884,7.62865023738885,2636.275846106974,1.1019215646663254,0.1360694302540693,0.5689328097126748,0.5470109377337395,0.46881072780736355,0.60234725592675,21.817017268037205
526,urban,region_1,194.5790374411296,958385,14.785341094229585,10.752624295782752,6.479362321479397,2238.647345912678,1.3561083051353287,0.25838053488809787,0.5261028229797234,0.5379427108792749,0.5009564740751169,0.4353935800976022,22.292707965690774
527,urban,region_1,154.21445881165943,489883,18.984334791268534,63.18062958058765,6.6239888220913965,1376.0963618363162,1.633202749546692,0.13573691004794458,0.5465654962649675,0.39924275454070846,0.42459365090679263,0.31117654957702834,18.93240692364206
528,inland_flood,region_1,77.92267562599108,34806,17.922161836875862,15.835107476370888,29.184176122652797,1827.0846375794777,1.1229614467777702,0.12823833829770948,0.5744758683087668,0.4790740902504525,0.48486268737317,0.4818975366460339,32.360514128690546
529,coastal_high,region_1,40.56640860119581,61001,29.97413244281684,19.879258874976937,0.9136629138428544,2952.220693358612,1.7242927632446317,0.17961638812476072,0.4820328289549472,0.3402272911485914,0.4531896312637413,0.443749119069522,24.39952848771414
530,inland_flood,region_2,35.084169926762485,8081,37.689361475495055,103.82775596813111,68.88116797640279,1915.9956878838107,1.0313832691347506,0.0624880962392612,0.5239192735792864,0.63591292165211,0.6211917502187557,0.6296498806345099,39.028203322683545
531,inland_flood,region_1,30.99685731254751,50112,38.33423913812629,26.596141886230637,67.17193846419579,2373.5014861395084,0.4260015423800956,0.21298904364137372,0.6092109778286543,0.4030189515665668,0.45143143628848875,0.471249647874547,18.582859760398826
532,coastal_mod,region_1,191.3370120403733,11220,28.252799037648053,12.565442292494442,3.4839903915443857,2567.413129746822,1.6412551499318022,0.19990893424071265,0.5401764531704695,0.4796175275252607,0.5525939506697989,0.5581980764694103,25.83347876392361
533,inland_flood,region_5,105.42325541986143,22620,50.699750833989135,90.92814793035878,73.61913572942747,1592.9866372067859,0.7920976755799854,0.1777562053986423,0.3941207535835243,0.3527371158423763,0.38534804677443796,0.3794658794236764,18.9934492731387
534,coastal_high,region_1,64.99003146176173,8304,33.487370949486404,44.04425722859229,1.140776751188467,2542.6703604604672,1.8330635800441204,0.0,0.5250323885704201,0.4533183259446847,0.48060761437780725,0.39793698180348375,27.665275421075364
535,coastal_high,region_1,207.56552781177092,5786,43.322841417871935,21.018214110509398,2.592988739465802,2420.7642300765183,2.445379198819661,0.13738391382579823,0.3895648440455206,0.32016932752870847,0.16686584071042315,0.18652371106731314,13.100350601127673
536,coastal_mod,region_1,206.05486972994004,28413,21.87469175812216,29.225651826384425,0.2525244046776214,1713.766596976765,1.5678133511551957,0.08684961626122106,0.682632547095116,0.6700400987470794,0.7526203576568187,0.6696284711028595,45.828982266994586
537,coastal_high,region_1,161.75048770709932,17532,41.51401714557124,5.697823576189919,1.0416908706891324,2018.2902700578916,2.2697196887242637,0.20630144019506969,0.4565179295527184,0.3792019686636039,0.3120499780546218,0.2397305659474206,13.159903376100736
538,coastal_high,region_3,280.4873450597553,6061,42.42794075067971,25.853401892971956,2.565205434059506,2277.591381503309,2.8575123841453154,0.20306410466638214,0.4473099410304346,0.32306121450787595,0.4397711093544053,0.3912696561401472,26.424717529654107
539,mountain,region_5,115.62426943242639,16099,45.27212071683113,154.44979906859476,138.1571473769194,2079.537295243681,1.0904999508767867,0.7220054855890654,0.45085788995508064,0.5133100311886073,0.49774419818024507,0.6635479578509835,40.341293465970764
540,urban,region_4,250.7588913807879,957468,21.320206133779255,78.88034852716355,11.346360618305736,2184.9689331730087,1.1065129210217899,0.09117485693164026,0.6217665195856956,0.5642634968579047,0.5253331021502436,0.560067268481646,30.647322991571027
541,coastal_mod,region_3,22.541822379658893,66946,47.2080309651139,36.37768403160648,5.3589265351656055,2565.474715625047,1.5557611602454824,0.2253282661515853,0.3684071980597676,0.3372985549007751,0.3598172194704855,0.37028674379831744,21.983726169209334
542,mountain,region_1,221.94932821155135,7851,43.857425509107046,437.5952411341301,127.8605891354759,2656.8224779061848,0.8141767969810672,0.694267539944255,0.5162983067684693,0.33109731580012,0.3393409819397409,0.380113770529829,26.894005532513663
543,urban,region_4,296.534224149579,269765,21.40131363905024,19.583542359421333,10.61337282333194,2325.111672084247,1.6800276465691006,0.24059885454199958,0.5670455416641621,0.49391305927394635,0.4094318277765759,0.5587099927904516,32.17748747834541
544,coastal_high,region_1,253.97946488634506,80735,34.97405284058578,27.356185762746684,0.762662863395535,2493.352871411853,2.2842931620491287,0.1637307499963103,0.48407409050871264,0.4680901701363711,0.46268283587783027,0.3883653416359842,22.681314605996405
545,coastal_mod,region_4,173.8994157930178,54052,21.527416325578848,28.02554735130627,3.729895205558912,2411.0500688145116,1.5139769860401344,0.17581308722832503,0.39128799796618996,0.2792221823442103,0.3715374048311998,0.3378122679829566,14.027580262799525
546,coastal_mod,region_3,188.0298192981482,16733,41.89434454520039,40.13139432549714,5.285639983089276,2148.068756443409,0.9672894769414118,0.1276616474662926,0.5216041870687202,0.5039859951530553,0.4466566687402575,0.5706358199565675,31.53779196671439
547,coastal_high,region_5,105.98686483108403,37449,58.14948432346861,9.560422403628074,1.7634082713549128,2423.411046698887,2.218405485850886,0.2205090274980251,0.43895442225436265,0.4208538010282343,0.4557851781097012,0.5022256079767182,26.006320510458902
548,inland_flood,region_2,203.84556547743117,22936,20.4505149551757,138.3807707662753,73.10585642738363,2569.1302846686876,0.9831202437204223,0.1827556608374207,0.5226045303861919,0.42137818816430866,0.4785033118702144,0.4490675267509144,25.50507981044556
549,coastal_mod,region_4,231.1186149543981,34306,49.052245776175226,24.921153315143904,3.790757123102627,1384.3334152083755,1.0927359634368345,0.22256491137861484,0.4847038055802653,0.4450351328141098,0.41944698919160806,0.5070006334320517,24.093360317220633
550,coastal_mod,region_3,299.46854433535617,19802,25.206424508326712,4.340578898297544,1.4238990241856504,1544.3434959424237,1.3335495540833464,0.158950269277292,0.5533688005933877,0.49937977891765845,0.4846338056422812,0.44418482075239535,24.076553270082588
551,coastal_high,region_3,147.7388751001299,32595,35.508161391323014,18.020974605967254,0.6437461122386449,2753.079901653442,2.330725733075224,0.1479520135538154,0.4365452058094903,0.41352027761379245,0.4721478287964161,0.4951286950483894,22.150886566821335
552,coastal_high,region_5,18.39121973203268,125724,29.21408518182635,13.080863539166064,2.5381696765778723,2494.00706058702,2.1986951201967964,0.17997713344373006,0.44366647029346407,0.3657004442271779,0.3106820372259711,0.355501545400785,21.60392506901806
553,mountain,region_4,178.75738521929557,29394,52.9414250115352,1982.5762970055832,31.046514506773445,1681.5078249165388,0.47637009252478996,0.8055656808300424,0.3868300921080679,0.32263631802523424,0.35207379783129905,0.31263830756635086,21.046766342650166
554,coastal_high,region_3,35.70724499465058,55807,47.983130728165676,10.9899641592199,2.607391085990501,2178.155619534493,2.1180349500409172,0.20102207499965027,0.40007851919891185,0.24930604368036768,0.3350464820237855,0.3781761276786189,12.93171074441674
555,coastal_high,region_3,73.42951306683302,170620,36.652889478962365,16.622825701963574,0.16676425681195428,2230.2376812552875,2.059592563288038,0.157191555325687,0.4704451585568994,0.502671063575435,0.5917008738867763,0.4821925467224797,32.84476598293135
556,coastal_high,region_4,98.63397339172117,25647,50.156664348328725,27.924908776669696,1.1749754042682161,2956.9346148523655,2.258054056909355,0.0576100635043216,0.5021473798465345,0.3785609873251463,0.44603144506653497,0.3478145222538558,25.0572717730912
557,coastal_mod,region_2,219.3089619445232,80690,39.83189117855885,61.4815554756497,6.401409819565032,2624.3436508725536,1.4256597685683265,0.19155626611900212,0.4210076343090343,0.32159756850307686,0.3281132691755666,0.3163126427546729,13.952347714555552
558,coastal_mod,region_1,55.14243716355016,33996,35.828222503997075,103.00711631963375,3.260923014579192,2773.8468978307164,1.2765160813664458,0.07980210535282173,0.5828383116633281,0.5398434099181187,0.4964796937029441,0.6262428480528416,35.34665091507012
559,coastal_mod,region_3,49.72588405270576,301589,29.241945095275568,19.697377936116464,6.57878549643242,1643.8460722267318,1.2648009669729945,0.15208250898548595,0.40586468997857433,0.2952023422219453,0.43697175890459733,0.1582159967997339,13.765147330684238
560,coastal_high,region_1,13.48927274964824,12416,39.63716785362495,57.24898825785702,0.30089650357734943,2053.150586995387,2.22016677639535,0.1451772671854938,0.4029321476805817,0.2705951291510223,0.2668549063740376,0.27882601184098726,11.819939955837114
561,coastal_high,region_1,261.9719809061643,19527,33.17561250584803,48.264848255111865,1.5346266793055592,2025.7494101997909,2.488893026495969,0.07992562352296272,0.46593893430293876,0.4970562073683291,0.473843463693816,0.42280315785923983,26.624053792216053
562,mountain,region_3,208.0516273068182,14427,35.26992974813684,516.4412284087056,99.8968821598811,3044.4285028850045,0.9835921568124558,0.727335588631602,0.3610818210395332,0.29208958069905744,0.32644613430978453,0.34087816312355224,20.356076419729153
563,inland_flood,region_4,11.983939685287947,24779,25.066080770383532,30.95322718655629,73.45211583423446,2125.1673363258587,1.426920797587214,0.25823795231408686,0.5294417222756306,0.48238433082388366,0.5223408013155038,0.45591870991950434,22.357895141861476
564,inland_flood,region_4,8.487691691434375,85828,27.302627603276257,86.52298990102443,25.617284380351602,2024.0597649409165,1.3399572936525672,0.13582904303729218,0.3359135871295551,0.30827657325873936,0.32864057566570304,0.2886294599690265,4.805153648324083
565,inland_flood,region_2,167.60228894251682,10564,27.242630351344655,63.04501498706373,40.316041116979854,2068.888608154234,1.4490047488627456,0.18935731699208358,0.6171683353362956,0.5639835437472358,0.5042786176385374,0.5402768379763183,33.15141489093149
566,inland_flood,region_3,84.7603203860133,37195,20.225507689714885,86.36030460625526,59.56088569381031,1982.966516858377,1.4105882955409168,0.2692410676402508,0.5084155117185555,0.5622029030860729,0.42897123116946956,0.5323532137390726,21.788914293986345
567,coastal_high,region_1,179.01790512957862,103385,28.993494535002963,18.486523398883325,2.9397902455802334,2151.543181037398,2.668884855022217,0.1934424595359305,0.4398787848892768,0.4359734531147831,0.4422439817434828,0.5746484695790829,27.565172867031208
568,coastal_mod,region_4,130.3812527042896,38704,20.906106643284577,42.46047333032029,6.786194591662855,2379.6104764247166,1.0540571568586297,0.11847398417308118,0.5417885951438678,0.49135239875489073,0.4311135795451826,0.5702303083600415,32.29728611760821
569,coastal_mod,region_2,276.9937686930764,10210,46.719557693964916,36.558899886415105,6.771960493567116,2134.8515230212097,1.5942278833731405,0.16246735186593805,0.42142846883642,0.4427190336845914,0.4078917970616712,0.38075295585469476,28.89679003579457
570,coastal_high,region_4,86.34270448841038,128924,26.974473556175155,32.06774989718129,1.5515475882743646,2119.8713946082826,2.565496165859169,0.1745798722935445,0.4541394034275088,0.37100334157127013,0.3288150612234829,0.34012014126767476,17.420340335485157
571,mountain,region_5,203.74361053166805,29923,48.93313954615345,450.12718936872176,97.7158946503798,2687.142722679029,1.3197081965569857,0.779282620707235,0.4817119719301095,0.35784319066169934,0.348412006279747,0.4559361209850186,29.030017781704068
572,coastal_mod,region_4,16.216293485579758,35584,11.937235868232095,44.94457549686058,6.8686407526452165,2050.974327304594,1.1687843560958142,0.21146056411100372,0.4677231216443343,0.4252739398208135,0.2909450476390465,0.3320946984506967,17.687929863123042
573,inland_flood,region_2,286.7581602566776,21236,50.697788784119645,162.57172522708805,72.17753517540558,2068.2450460524133,1.1972141574794315,0.014247796724690731,0.5734726361118385,0.6615022776240538,0.537669064347888,0.575778746743025,34.81536124153267
574,mountain,region_5,294.22724037250566,12130,23.496654459948825,2345.4321289438763,126.2729478566534,2337.5104193509874,0.9225609194851258,0.6967484500485454,0.40188933711106267,0.35359763265595456,0.36832179280345406,0.3452419379004686,15.555917708547891
575,coastal_mod,region_4,221.72238870492373,20681,44.95186651139048,48.87352212974695,6.548570201476605,2511.982570278683,1.9541180699022833,0.14732297759986887,0.4909827371759611,0.4167917864347106,0.39429556058969767,0.3380501498937908,16.069840561103234
576,mountain,region_4,139.56374146907194,17618,45.332027627027,441.89729648434576,135.55558308010586,2510.0814871144707,0.48381251268166486,0.6566888033699497,0.5758755736412119,0.6186821912800348,0.48044901438881116,0.5583499538407881,41.500629983767034
577,coastal_mod,region_5,65.9980317981784,22581,40.50143474809282,134.8757273737717,0.9102554487354384,1890.704938800118,1.1692131255731404,0.0,0.4186340509793456,0.4100343285044804,0.30865340615014614,0.21851556694436988,4.231968468646922
578,mountain,region_5,243.7549020743894,4611,43.335821056103846,1283.0161359653557,65.11672522859651,2561.001611769266,0.3568098525112965,0.6853587645750178,0.35258240159781246,0.3018512490405036,0.2788513168311502,0.3622962854172962,16.136037567218104
579,coastal_high,region_1,220.90622914410667,14132,41.874298305817106,75.71448391387278,2.928340601860823,2741.875489789225,2.243384886109925,0.15109649010566217,0.481520120986037,0.5367824922540755,0.5260000891593152,0.4833239669277098,31.841295798322058
580,coastal_mod,region_5,66.58621186828472,12068,27.547691249111285,55.0619257309878,4.358209279711962,2378.9665409136055,2.0791520807808954,0.1246644548393224,0.5941150365860228,0.4817244706333714,0.4626599178329761,0.6200619810721799,30.30740794268418
581,coastal_mod,region_4,135.3645882471797,26310,39.434533637515564,2.5039474439768563,1.411710880333536,2562.5559891561697,1.3866975144400122,0.1001950694850047,0.5862308424967548,0.4527958139717444,0.5205639594735396,0.4723013033272851,22.650762339282522
582,coastal_high,region_2,138.8396813450355,35445,57.178669744983424,80.57981800617745,1.5091668995985814,2353.606885929131,2.2303099967572764,0.15343231172890395,0.4978880980997219,0.3577941444590777,0.4707159511314579,0.31968308290119296,18.86595145611237
583,coastal_mod,region_2,247.92316499181274,26167,8.387070083805328,72.75407699687801,5.166273402428731,2433.7774835131863,1.5650716311869612,0.16838149823781828,0.5640733118167272,0.32572013547282386,0.4269518908613073,0.43643004501800087,20.957870024957806
584,mountain,region_4,205.15340530022297,15533,47.301805236671136,990.1973055075296,129.38663807251888,1537.5913810795976,0.8651128544978127,0.6932710735434442,0.4551189761778749,0.3225381563377869,0.42691028558020905,0.3570871326470361,25.318662440380905
585,inland_flood,region_2,192.95026306201655,10917,41.611371695808785,11.511509368691273,68.73060356140807,1964.0045554135081,1.1098078057432241,0.2187813472806056,0.4994863270778308,0.5321494709014888,0.5576813966129704,0.57973854079265,33.79361047678786
586,coastal_high,region_3,194.94822676898352,135821,32.79496840474056,46.99853803993147,0.14772447999725002,2490.1360460769433,2.317663500798344,0.15367841054772624,0.5273640634521994,0.5743823415423769,0.49035577210556247,0.5899059679374999,36.586581933369196
587,coastal_high,region_4,81.14102381474368,28539,28.085180222125288,32.80956618103291,1.3605749609172249,3179.1380880721117,1.946333004371942,0.10697769132567381,0.5495767742955587,0.3787162803568443,0.4016218283923607,0.5023080471655812,30.886149369371914
588,coastal_high,region_4,111.51337794886021,24585,26.021341842487516,96.00476865786358,0.06170716856102432,2537.4658284094057,2.1717859865350997,0.09539237566321646,0.3096340332521524,0.4048442139008154,0.3380284171234164,0.40723143324274885,20.482117402046732
589,coastal_high,region_5,13.698685631011841,56058,36.035480599657866,70.75591701002762,2.664468370998752,2843.1955112686437,2.422579877947074,0.140544897818275,0.5950424576219092,0.42757374992874864,0.6046865007663056,0.4122203292642779,32.015886838787225
590,mountain,region_1,236.08234074363713,1895,42.07044323559383,2970.0888707277595,50.86872906223499,1519.1106885637214,1.1785728349689286,0.8057653358988085,0.31509140771578226,0.292160969565821,0.20753114379348217,0.24645316773695075,12.895849843904054
591,coastal_mod,region_2,129.89946455094415,11702,33.37772423836254,47.91494362229668,4.998997561341108,2076.8847123589962,1.7895504968582825,0.10962371063514834,0.5135867755890721,0.30912773002776034,0.4281531761945375,0.23979452853840283,11.389126393559142
592,coastal_high,region_5,131.47150712627206,87813,39.527729490138334,27.799300360460414,1.7118551138412008,2261.456053026568,2.300630820034838,0.18026284454083377,0.5624967578312354,0.5500498644312642,0.5331088802644133,0.7228737520638533,38.420522163682065
593,coastal_mod,region_3,73.60687948008801,5486,42.997996213972336,55.12748663485398,5.004235477142926,3066.428893153434,1.5067357133733321,0.15565764024812767,0.6414621357257079,0.6253714561478297,0.578378573935339,0.5991372473761016,39.51962375422586
594,coastal_high,region_2,62.82818443782867,99291,37.082055112666914,14.137649947018863,1.6902498684942242,2333.2812971514572,2.425055459564388,0.2499000978126498,0.5423860970008221,0.39204547026554576,0.42726103058095755,0.27631622659573407,17.81482384282653
595,coastal_high,region_2,176.34657887070878,141495,47.549687073266206,25.313172064746613,2.1467660320998228,2629.3116290645808,2.0215689359286078,0.16993951182766565,0.49452666770706355,0.5067708568683678,0.5926657125842836,0.6361437474287486,28.958485835889274
596,inland_flood,region_2,69.76590456110273,13419,57.86370683162102,57.52214527761855,57.566597961389995,2037.972740682551,0.8092662844032513,0.11605887172115903,0.4184658109523789,0.3900910641809791,0.38645403030858855,0.31278973311390385,18.366558184314737
597,inland_flood,region_3,19.262655469639324,22775,46.8813272170561,149.69793407155203,25.418014806248856,1523.156512719004,0.9625606427036804,0.189343321325869,0.4712764643936302,0.39105401037597226,0.5245760516460765,0.37605240068735746,26.8762477352093
598,urban,region_2,230.2522247942695,525156,22.70098086472852,85.37657502252785,5.501519265111603,1942.1893768370658,0.917494690133769,0.18994108340500565,0.5199816417520159,0.5701542218451062,0.45820928160269325,0.4222807210775982,23.429238795155705
599,inland_flood,region_4,112.94083032190979,12413,35.393469882577136,106.07039350339647,52.79560615607911,2121.4299537947763,1.1220702315099726,0.13193846065264894,0.4701518448584807,0.37584298987216364,0.3970893168631513,0.4496632393549405,24.424860023915677
600,coastal_mod,region_3,114.07067516979133,44100,50.108322850205454,20.32355231542709,2.601579407185417,2230.0027963344496,1.714724610850479,0.0921429971838074,0.43754205210502223,0.38841042237143747,0.31256526805069756,0.3948850044287761,17.555404941496647
601,inland_flood,region_4,129.39548445473739,10541,34.69125911315313,224.05337206976867,65.61985308841304,1309.876708397619,0.7869869065484938,0.18058070290170408,0.4177252682592994,0.4027511425544414,0.3893822035460671,0.3802367049105829,20.9767728843037
602,mountain,region_1,244.51344702242815,6439,47.71734653646288,1873.1878583614337,68.14772580659903,2116.5042777476997,1.0305447569655812,0.7347694399207334,0.471839770541816,0.4673245992320894,0.483732522127074,0.45817017787008263,30.966911824777803
603,inland_flood,region_4,96.25106878194514,9514,47.17533440640283,83.81292259989551,69.72105045818238,2306.2464984340677,0.811260684717402,0.07558610629864675,0.5024429135010379,0.395702351053824,0.4326668409455877,0.4331075032528029,21.469803273743725
604,urban,region_5,227.4108633773508,329584,14.56538810686054,49.55605999958703,2.201005814722256,2276.4668781938803,0.9950273494015223,0.16356187554403395,0.674530706373126,0.7045091045853141,0.8160607975997549,0.8199780571526813,48.81750671123932
605,inland_flood,region_1,281.863452233863,45541,18.651896967885932,18.38217907058462,66.16355389915249,2365.410005547561,1.6166683131278998,0.1184603937854306,0.3858358156846236,0.3862211431434073,0.4285604033627989,0.3065939129632132,14.864916187600876
606,mountain,region_2,198.26045877743982,8385,42.529018175784465,864.0834536425951,52.01585289422267,1907.1763312883545,0.5993300591948274,0.6387937576194385,0.5049857504070528,0.3214513669125298,0.37802377065218307,0.37397759326905183,23.444787744288725
607,coastal_high,region_4,129.5043243531074,11566,42.87578911505561,59.4305213779619,1.5840458412364873,3112.3718141116233,1.8162042045736466,0.13339655369830103,0.4922991613653976,0.5409109696476173,0.5002532266254298,0.5750873586230211,42.63351411929389
608,inland_flood,region_4,224.3369169439994,7584,34.91558181090007,17.465797511993706,39.231462377835356,1986.6781855132456,1.0644146191165937,0.2144405194634728,0.6142102366956605,0.4144628071183941,0.5397713192955518,0.5388940525269501,30.096833419764334
609,coastal_mod,region_4,137.36921092541564,30202,57.83366309707666,10.58099375615316,5.098675487816316,2757.277875328629,1.4805564435382297,0.21058153683927727,0.39515718413031564,0.37886196568348396,0.42099790209067095,0.432234617844515,12.052338200993049
610,coastal_mod,region_3,124.32818133244224,96306,35.029799707757505,78.39286008948228,1.701923278732779,2201.156551929321,1.600169642356982,0.1986597997802855,0.49865569945846544,0.3884775519079384,0.4512888804389399,0.3647409740144623,25.960678084666355
611,inland_flood,region_4,157.58494907180497,24710,45.34950153901454,94.17854357032408,67.72458400111356,1385.7573521857062,1.600368416052972,0.16505008469072627,0.588193425046272,0.48090717769451613,0.5213140194108478,0.5705720171084886,26.94817706828259
612,urban,region_4,95.31670044278813,212747,20.791937693866778,8.842910264262054,8.603757995496602,2354.776371392143,1.066861055441611,0.17993900702746957,0.6374903444456939,0.4314645316048172,0.5306469399938943,0.45335552263199147,29.02075370697323
613,urban,region_1,31.275064884000358,424943,7.6948431881283845,26.787787624148546,14.359097311390114,1966.9458966076072,1.1264689486078299,0.15538403897397224,0.5893187310893808,0.5723472527713482,0.4484448598318461,0.38725921665205243,25.088713166048997
614,coastal_high,region_4,124.45560165784956,29273,22.624125169488206,31.429919255922158,2.1353109867473847,2449.5081554526064,2.6826416491920573,0.09527756400732429,0.40128619482812494,0.3749881234686145,0.2982343321406532,0.26735170166047983,21.76256497216081
615,inland_flood,region_3,37.157064338790576,13324,53.31365805441685,76.68566835788047,56.44373237019506,1564.0710706790692,1.2817371296517353,0.10601830579072237,0.4713898305810556,0.4675954680126633,0.4576530783590985,0.5609344679438563,27.363577649620854
616,inland_flood,region_1,123.13244206663401,8376,38.079172183990345,88.70217113470946,69.74952142678048,2486.659849701813,1.2400244013285198,0.12113702796455905,0.38781849675126157,0.37687057128930523,0.32336256352587756,0.4114733033006525,15.539396777660526
617,coastal_high,region_3,167.0801163640351,129004,36.90105102086545,18.91422920497817,0.6590477032853299,2391.5595304788612,2.0230393913478046,0.2203869662163756,0.5610876365153499,0.34959598614299103,0.428783040866915,0.3935630645321826,23.52931221613011
618,coastal_high,region_3,279.21335436169403,3694,35.081143571297055,29.854433909762573,1.898227382593372,3230.014309965008,2.5377664661236756,0.20433806932217424,0.43777370107881913,0.3684901864066143,0.3913678122031786,0.3988229483660604,20.14670510531942
619,coastal_high,region_1,10.866699313591077,74464,32.031839403584684,39.72618981256587,1.171211548784555,2427.502735362859,2.4409548460543107,0.0966761542417581,0.41811766887852136,0.33441777240662346,0.22371918227477944,0.21295229314177616,16.610531683925473
620,inland_flood,region_5,186.43752195058326,12444,50.473899428816736,100.24197093421186,64.6274587487863,1721.6764393552166,1.0568611804358097,0.15436026332405314,0.46593037426903794,0.3827248970203877,0.3440927191358749,0.539252849469005,31.35682951563757
621,coastal_mod,region_2,137.3205559950232,15862,44.74685180197963,32.28348762433114,0.19575527593012687,2661.835210910435,1.2245216569299522,0.13041414468991955,0.5595665180884828,0.5137802829856244,0.6407574422273964,0.6439366925463511,36.07923470265626
622,urban,region_2,6.07833846124175,740728,14.508576973120368,56.4919380606901,6.415681447903712,2077.999575299931,1.3320086663165336,0.14319778098044444,0.5898600945593887,0.49699086153632815,0.4982865497079141,0.42943083734728316,32.96843858621317
623,coastal_mod,region_3,74.86445278161611,12440,37.461413162442916,18.306726214987084,5.213615214663354,2177.7497974256953,1.8945460665449814,0.12350662513109181,0.43521965006459473,0.3182259408050354,0.3613483586360408,0.38137922415983677,19.33099386913998
624,urban,region_5,35.54557570644047,178431,32.308677833200825,19.580657562396713,6.909590046632404,1715.512217915064,0.971809674218896,0.22061483368153675,0.6327164461893212,0.5965424714635258,0.580257159825283,0.533803403148196,36.87490850573413
625,coastal_mod,region_4,65.03824371943342,19844,34.95678249128152,78.31672942908199,1.9037727657100074,2039.8318258563104,1.160060279580959,0.1503755837964128,0.37853619034946207,0.402774515409326,0.32186996219313824,0.40426593621565404,16.300957924548822
626,inland_flood,region_4,82.37107303827545,25111,25.370380557290662,111.33811482217838,47.86095510076615,2128.6087470893,0.8116592694788004,0.16268569827634302,0.46819649866881724,0.44665516611091344,0.35277003883080177,0.35148306081269426,27.70860228860461
627,coastal_high,region_2,120.39190061465888,24399,40.618952186072455,20.77828691882011,2.5492335764685787,2080.328002496459,2.0767536531970765,0.16156336238087923,0.5449279656751808,0.5037564755464425,0.4744761255327884,0.44933157900971615,27.144768417518552
628,coastal_mod,region_5,158.71181804666708,6253,26.910903871199558,24.054784019571034,1.6547121383850572,2011.3193070398643,1.3952789940436918,0.09901720559150654,0.42338358359987993,0.3935827559162492,0.3803649590033391,0.35421052421535876,22.891551369171466
629,mountain,region_5,0.2969981779158304,4540,59.535202910167726,644.2947496682434,74.06065963555719,2189.776781296271,1.187571308460572,0.7162945302825058,0.523794345457206,0.4529480533444683,0.48331597118200603,0.33959569021547453,29.76982618148281
630,mountain,region_3,48.56080818862224,31357,59.39376403511319,1540.3731975336207,148.8402625800153,2433.220402356999,1.0384242343252388,0.7790961822140453,0.19988196205777503,0.30288948047223335,0.3502786029180777,0.3649365640798856,18.07989850274735
631,mountain,region_3,28.06991568264021,10586,51.735502278525836,1341.3006490870039,139.5380602668539,3139.779822819132,0.9182523151510287,0.796257280226419,0.41183545709039704,0.42528370238218405,0.4282641379089619,0.4996439247822644,27.975164752624732
632,coastal_high,region_1,164.9020197788231,54501,41.18869484472901,13.675390463662266,0.10190502637996701,2480.0187468068066,2.2830980425241036,0.09283990436092604,0.3729538455480993,0.43454954145211433,0.4627537796004546,0.3994819617900573,23.93916636498917
633,coastal_mod,region_4,98.72246112038094,17869,31.396544421109684,69.24871084908987,4.242655740816115,1958.3247681556031,1.5871972881089538,0.07523790517464478,0.4228620784256854,0.3008417443898787,0.25559440761299895,0.2348853232439194,5.801356976895519
634,coastal_high,region_5,164.51932081041542,20059,58.675044827781896,20.065687266199266,0.19623908054365058,3698.5482528098682,1.6954882161311218,0.15344516218236784,0.48057343911113476,0.4180898163975661,0.45400832712669603,0.4040149318604914,23.548093906199764
635,coastal_high,region_3,66.54699065240335,164359,19.632710669787258,11.31687725429288,2.7717147709731327,2426.725858590628,2.5214752575263804,0.20565025222703467,0.4350044868654947,0.46492969747168844,0.48836651800794123,0.4894312844147332,31.694928012885352
636,inland_flood,region_3,7.268806226275459,15513,30.07861168767892,46.66026187089476,46.492694761101845,1942.8025516492412,0.7520761171340793,0.16876680701273933,0.5979190691574413,0.6334489232124374,0.6153268736836919,0.7059612626342606,36.23953806853012
637,inland_flood,region_3,282.41007038107404,12648,35.43377806182825,71.42094281281334,45.1062202356801,1892.6460892426903,0.8669468886467536,0.1852194082860053,0.6428226741396187,0.5583207898820353,0.5006718765932403,0.6262365595323294,32.95912492675477
638,inland_flood,region_1,32.49243635669821,43343,41.78460576003696,108.08724124521757,36.37676191035864,1916.9692696671118,1.102130596511076,0.08381057690872754,0.500252762864736,0.32594585288371924,0.3723188650628938,0.32919586966140746,21.783202579064955
639,mountain,region_4,38.057624388515045,5166,42.878496935708924,1548.7723582788994,98.25827764705846,2438.8774315079804,0.8773782515988248,0.6975226293743475,0.36231036782716386,0.29439761523004176,0.20669848002228147,0.3466748046114251,22.64846055218237
640,inland_flood,region_4,43.964047953042154,11206,40.32992131270362,61.74145724589809,28.699923379603568,2276.2389432779823,1.1460791323280017,0.04123573243268158,0.36520453616755233,0.40890471785402255,0.4982578365941238,0.39694869480899386,23.820808464759644
641,mountain,region_5,294.3829571979818,9988,25.733554409093983,1166.961293844407,125.87460006426565,2601.993861636703,0.9425483755369217,0.7125578748857803,0.39430551517545065,0.33812826394648315,0.35491040921593364,0.3514542825626289,30.608894687237417
642,coastal_high,region_5,185.29807205099883,36324,39.01752470656967,21.632440689166906,1.473631034539751,3030.8382253465684,2.1132003138815136,0.0421538864151014,0.5803543023150319,0.48206105203410354,0.4836473102797393,0.62659620803028,35.25578898464737
643,coastal_high,region_3,183.08698551115518,45873,59.622377237461336,13.696251604996341,1.6993886739424815,3017.6114698429733,2.658627450812885,0.21686408968844073,0.5826386297719792,0.3699333466853223,0.3448834442495456,0.4782061643982737,22.965346117410565
644,inland_flood,region_5,296.0094604555589,96118,56.42498807839467,63.53061390949911,70.44828485927124,2062.565631684763,1.2124196596030405,0.2288125975065345,0.4558281472096049,0.40859054279931967,0.3892162304479389,0.282543490139695,16.402863157505408
645,mountain,region_3,26.53163078239643,13394,45.40378959141319,171.11962513491164,52.21785286619388,2588.1559850318877,0.9906351975406859,0.7099183233891452,0.3523840816228345,0.3346579495010209,0.30087176180881964,0.2801886900656666,13.731624694397581
646,coastal_high,region_4,292.3502677626867,4271,27.161923678436356,64.85315122214675,0.5255492200263471,3043.494670507449,2.4077559522578103,0.07546517499075628,0.6344537166674087,0.3875351050436595,0.5853427163634874,0.5529345296144215,30.611756113164567
647,coastal_mod,region_4,61.20394396621227,28596,29.26593610731385,47.700050170364165,3.3664133829587692,1811.076525199131,1.188401152187751,0.16959015433825542,0.6358403210995882,0.5613674773259615,0.6456257077060541,0.5487600054756162,38.00842149477457
648,inland_flood,region_5,186.92145106861062,18588,26.634574945928197,91.94726468467975,67.16769447167604,2749.46336067149,1.6524315225450052,0.24450743477025544,0.45201422617115544,0.5557962775839088,0.43365776850495824,0.44049505255969457,25.917116669424242
649,coastal_high,region_4,126.0250695908375,37763,39.10934057799228,14.20803526269681,0.17563666056043836,2394.9659477889572,1.8737088396750587,0.1740264114590836,0.46908121353291626,0.4548577931065298,0.3233948155893031,0.60140156798305,25.016159395373236
650,coastal_mod,region_1,115.18554404315347,26816,26.329988056813054,47.402027554770655,6.361361631189965,2077.1622774508583,1.4339505974880205,0.2100486946390075,0.5846123423187171,0.5088714384650369,0.3491343825781372,0.48782823346866666,31.189375370865484
651,mountain,region_1,279.3729985438388,9644,28.794150050152815,1279.7072467684918,90.09079123101718,1794.0495126631172,0.8140721164146779,0.6973256147787491,0.4843752204877086,0.423979243410193,0.39561670947493155,0.5614515101247459,30.078165797361507
652,inland_flood,region_3,44.76831853207693,17290,37.11119399485059,55.57499300142225,53.70580699689347,1645.3547576136807,0.9026756873718855,0.10737684011629693,0.5769120870230242,0.5106228713545347,0.4163857507953319,0.6153514494610824,28.679693998085696
653,coastal_high,region_3,299.12070332287306,63053,56.376451058704426,21.716440314588894,1.6931578148375195,2989.6136275558947,2.0637229731055724,0.14682317475899714,0.31887960550225225,0.3214478025500138,0.343090103604478,0.2607067773203652,13.774297871733621
654,mountain,region_4,113.73751832746456,6076,28.900010730011203,319.1242383938554,36.740086674926424,3535.096638821126,0.6684869997004497,0.6090471659306649,0.3078853284801915,0.2729547295769013,0.3040952259174793,0.33197197661172434,20.041981185857
655,coastal_high,region_3,194.63247116656632,15476,48.86671975987141,78.96996569863215,0.7493123931544344,2373.103955676661,2.556502661442436,0.26453635636121786,0.40047222533886917,0.3482638958077344,0.37399294662432997,0.5022209378830345,20.085283341738062
656,mountain,region_3,290.37201944500805,150452,46.86107420119684,561.3878532924061,120.63569418176372,2573.658264063759,0.5385891616251348,0.716451018106534,0.3389008060011274,0.2537846296742595,0.2204119861022709,0.2992556099524587,14.574453234166647
657,coastal_high,region_5,17.280315113692435,19067,56.47237251483953,15.586780556615892,1.236804358467851,2688.0666382848653,2.495069169605146,0.19360153847530795,0.49634487920233883,0.3550962544947036,0.43865186122942623,0.5913435183667349,30.612062379993862
658,coastal_mod,region_2,276.85930887755717,23863,20.039342047133292,112.69031407906947,4.484135858014834,2550.0855968458654,1.5945613204162945,0.1288252381762187,0.6220860242367582,0.49415231937052556,0.4751062938099511,0.5621998563168248,44.562888002380475
659,coastal_mod,region_3,170.34341560630298,6657,32.28173536532103,59.37697086180614,7.558948976212377,2976.550062581089,1.285732660496196,0.07384714917765485,0.5349929651539307,0.3122762602148131,0.31695170482597895,0.4106379488619719,14.14613218371694
660,coastal_high,region_3,211.31906369323568,40328,51.734978207297665,40.76340975724422,0.13881530495208372,3208.3893671926344,2.359782185138156,0.22197826796763465,0.4851992716667347,0.44376957719535615,0.5359843115421636,0.5212122915040487,33.2410181584121
661,mountain,region_3,44.75525516590451,4273,54.10029179383208,299.54901870514516,83.96164388085836,2280.6703595096265,0.8526302946910276,0.6488472587892604,0.4044216148347194,0.35178217956353686,0.3449021194673479,0.363886303962862,19.129227510812388
662,coastal_high,region_5,160.01622924930967,24386,42.59983897012771,28.184242495855628,1.0838223985436943,2811.507054283854,1.8696980984471947,0.16791730105517022,0.44536279484137165,0.35091143390768714,0.45781270543294394,0.4898950364792259,27.224954232582007
663,coastal_high,region_5,202.05411441757312,93018,34.436325352193904,7.574741693100182,0.31934827858422354,2851.2231370968907,1.8728699035987284,0.17228199815967352,0.5287983179116362,0.4631715012956372,0.30449331422752635,0.4346939934119133,25.496505969759788
664,coastal_high,region_3,136.87419221630455,55537,58.10761802647298,12.348274552800397,2.8523830462793938,2591.9637475329523,2.3966324549409075,0.15390583444343073,0.5937217004110359,0.6100562130997562,0.38260715320895966,0.5399661751774986,36.27996886270931
665,inland_flood,region_3,46.495553431817015,28416,40.71849887977421,230.6473742308351,77.6875753849126,1671.2191599509808,1.181071097105507,0.11466094771302976,0.44883753758107486,0.4596635313629312,0.42792927552366355,0.4444787463825096,20.85383455577879
666,mountain,region_3,73.23572252567298,2010,55.22608661376036,418.09046396153263,67.37857850272883,2000.6118907184891,0.9726034242957659,0.6995700123213876,0.5298553998778082,0.4319508791148631,0.43824528695256776,0.2858161378476707,24.14456562722887
667,urban,region_1,256.31783729804954,807854,32.13880184421479,52.583095198336586,14.200749160336182,2444.4457952787643,1.182545038197848,0.1033843390674128,0.6038595751152209,0.6370454914923228,0.5914453281825215,0.5592548371150132,38.961814636292246
668,coastal_high,region_3,10.341297849828834,12423,42.4613761747008,11.350975398040065,0.1055208201728568,3100.52319832882,2.1428705399106938,0.1906503331765268,0.45625704228630926,0.3429608228248092,0.4583940361030778,0.36796049708897877,21.663780801220387
669,coastal_mod,region_2,212.65862353224372,74820,48.292677374113715,20.985870528197573,7.847167922689616,2127.351422306285,1.302334052850792,0.17893129960909732,0.6055028746585291,0.4880284738443571,0.39709844816661427,0.5641197363087305,33.06154825896922
670,coastal_high,region_1,299.81701095435807,91070,38.39354215809576,121.33614484600696,2.5077960492259934,2704.422157624035,1.67591675944694,0.15097636580600296,0.5194011904203427,0.5275805761603483,0.5325078783014663,0.6505672960137394,44.12890775071744
671,coastal_mod,region_1,2.2448988320299845,34956,48.72275557848155,38.73695575965697,1.7146417664897111,2619.0423374653756,1.4183759750768836,0.12223577414057882,0.47253736667757107,0.3993771242080795,0.3732798380397552,0.3726451532070173,18.668791426685218
672,urban,region_3,48.313704845981974,160654,6.5655095060940445,9.287285462728313,8.993207309018826,1588.7193383900105,1.4567364583628504,0.2555225367982614,0.5051974296356581,0.6401350647219173,0.6364621330946882,0.6348900801988123,36.223973894204384
673,inland_flood,region_1,202.24329026794035,20358,55.454397390054744,108.26179312304532,67.89796174215817,1866.0942707483432,1.0202826396334617,0.08672277268445322,0.5084287228944467,0.3798069941696039,0.36792331145220253,0.4661647470057025,23.675363454717463
674,coastal_mod,region_4,17.99725037560448,15112,19.735736088142275,94.37614313358455,2.554391712062232,2906.2549835189257,1.9307447516057605,0.0743611181094932,0.3603295193100698,0.3535132846059791,0.26365718049469977,0.2234426703439681,10.404504259929492
675,coastal_mod,region_3,176.93699515675766,22544,32.41547570513288,72.00762537494943,2.8300143367426367,2304.757700671161,1.0986313565510057,0.14711420059363545,0.5907753325850447,0.48850520416611326,0.5604182410944177,0.5234346470725576,31.701590312854485
676,mountain,region_2,205.20003106831683,7903,70.33828429163489,868.9708898996878,105.4767330711512,1835.3919576482829,0.701668884931884,0.7017539261745823,0.4440391920456868,0.31687357643145025,0.3563807842211359,0.3560171861268664,26.173740976597294
677,coastal_mod,region_4,176.44390443422105,4311,25.02141787308978,37.14378994677763,1.1767524074675029,2241.0488027508,1.4399056987051009,0.20550559970773308,0.46885506262278964,0.3625527856475504,0.303120256860807,0.3164942794837229,13.993696992853028
678,coastal_high,region_3,109.55541090632016,99668,55.584046329952365,16.394552347518598,0.3546318291672258,3008.5742369073105,2.2731300430577295,0.18258233759662945,0.5609592828507116,0.5001243921406979,0.5085268939659812,0.38416920049793857,31.54084126076584
679,coastal_mod,region_4,209.1846887959917,20642,29.231003518892162,15.580451402107236,1.9984422249553946,1308.7134719349965,0.8296374124921182,0.15173906335686824,0.6071210947320671,0.5675045766424835,0.5709209224860212,0.5484336276908686,38.97731193544396
680,coastal_high,region_4,178.28832840414614,23474,29.630880130605462,31.562932717428886,2.2237792360410937,2670.5143268764373,2.380809399962681,0.17554923789918878,0.5502212224464521,0.5316100895992381,0.5406088663472411,0.5977421181083549,37.6178561226931
681,coastal_high,region_1,62.291151628175925,21932,39.40167590644434,20.908052320356862,1.09979767923467,2451.034178163005,2.2744950518666798,0.1744609281442262,0.4601333091711696,0.4172090050270389,0.39787575169263106,0.48387640255617603,17.379581556976543
682,coastal_high,region_2,168.94066307553294,50141,39.863591810038976,7.685910976144379,1.5220746649553831,1943.200749425221,1.564182116850073,0.25530746861328335,0.4394699055560003,0.3585899476125656,0.40109650983921985,0.4503075720376477,24.24283605912377
683,coastal_mod,region_3,264.5721651416782,10775,34.11662536560253,39.463669911349385,1.5636044544602612,2228.674539295608,1.3649872193345234,0.16333377420289205,0.5518789392966127,0.48539597813505775,0.4679198401086342,0.5140921556407837,34.18015995173495
684,inland_flood,region_5,200.049985707135,2968,63.6938364660801,37.61722716950001,31.646340040974316,1959.0559304718656,0.7574375434183998,0.11658060545326096,0.498277058244597,0.40049366522798785,0.43220698170077754,0.5164065079106402,24.81327663640271
685,coastal_high,region_1,141.53745221815413,52387,20.194223029073804,30.383427987920474,1.9513537777044299,2590.3638991209446,2.0640030207058633,0.16043750991137926,0.46713437544203024,0.46598638689478833,0.4673179918920309,0.47455790857373165,29.21661612931998
686,coastal_mod,region_1,96.47523086083535,33365,31.855568912641658,47.08659014259844,0.8670020149476301,2078.108782914333,0.9985697645966412,0.01986020420025636,0.33295571798921164,0.38778476155818414,0.22107742815553016,0.36954620626954976,9.653054486645607
687,urban,region_5,25.765862831271857,238046,10.079810421608123,24.92206517161312,10.017610908246093,1793.598734413758,1.4248566036020718,0.14878796506147762,0.49501069194668723,0.5223345997430978,0.5551613458612599,0.4598162844940079,21.046023465848606
688,inland_flood,region_5,73.38813982770861,7198,48.178577795514336,65.41272990731092,44.042111140934374,1563.559149920526,1.5285329141710677,0.20575239193182732,0.4349542576330686,0.5443715484720208,0.5710529223260211,0.5505201070333747,38.18186009119901
689,coastal_mod,region_1,3.3560259260630665,23650,22.982895404132318,43.547692397513245,5.370167308941005,1958.2585209038814,1.4795070722510846,0.18084369282338408,0.5437586267159827,0.4835402728917514,0.4549647408055817,0.6338234203344191,34.658593417829266
690,coastal_high,region_3,295.9877752574893,9719,43.97551411927273,46.98036220541142,1.145188431046466,2943.7008456304256,1.5521847694709061,0.16572018537761135,0.5182127832292261,0.4192238145100679,0.5539128447471101,0.5578820739909515,32.064695550829875
691,mountain,region_4,66.74467563862198,3926,56.67790300632512,954.5849024245964,131.5262620379398,2516.5351468633726,0.9856788111998397,0.7485622388254761,0.21103590330607447,0.3668664764509354,0.26939316001090646,0.20127825668531302,10.484650325852911
692,coastal_high,region_1,244.4627828056118,18478,31.441414223885943,16.71632689789958,0.16666850764696262,2572.330668221364,2.1416083623402895,0.2054447692277212,0.38921259815300635,0.29657226037361173,0.2130602158129124,0.3027036478536812,13.237024270581799
693,coastal_high,region_2,50.59346454149358,77617,48.874164851357634,20.17649693802573,2.6798919354365305,2184.092740371404,1.8696962395737693,0.2216019724903883,0.376215131792737,0.30977266681198257,0.3940883746287478,0.2676312370935357,8.702225843236683
694,mountain,region_2,85.08034488167218,7141,38.62128238000507,3004.1844887728544,62.23934126857143,2213.0425335728946,1.0060871494173083,0.7730421639341808,0.3580348163788836,0.2569403246576071,0.4437888957401519,0.41526485504628996,22.418912393252633
695,coastal_mod,region_4,125.48319576851003,15393,16.448077990296674,19.52276820048973,0.3403376797238531,2458.0051454250242,1.6639294184382067,0.1345237044383232,0.4992325182599208,0.40867677563230237,0.41319684431756976,0.43211332395940477,29.63232424741244
696,inland_flood,region_2,97.32169924248153,86142,22.538441377548025,56.559100396347404,53.74426531293095,2151.435128745647,0.7994519554320587,0.03527784119517896,0.5527193648390997,0.44469669801080475,0.42752673501856164,0.5159424597774979,25.689412031136417
697,coastal_mod,region_3,239.50524382795834,29201,23.193152304404784,34.94420010267462,1.794833843048771,2032.9803955795496,0.9068801567564326,0.1994980494572316,0.4017596984130912,0.3490507651210719,0.3465036536236667,0.4391456748953656,21.342948582838
698,inland_flood,region_2,287.30802240462697,23651,38.76374958629689,57.74398889464866,47.552187391047184,1216.5793545596594,0.39649832813713914,0.1767340510456755,0.5562759821604168,0.5230974751747576,0.40307644657761466,0.4937151496301766,35.355215023959985
699,coastal_high,region_4,262.58834509525457,26036,51.35209668575003,9.052453994550767,2.406942618186311,2330.0609479353675,2.0002944719244034,0.15778565545539508,0.5362008830418769,0.4878220606042439,0.5013093674071268,0.5188471551199324,31.90678535043226
700,coastal_high,region_1,46.073360084326964,21232,28.87271846940891,20.090922817437868,2.3746402822444552,2406.922192955745,2.153348959222057,0.11593628405005116,0.407505429916892,0.4181770060018589,0.4388631179757613,0.47065089234658364,21.066325023137125
701,coastal_high,region_2,233.0066029047871,5075,49.676257924670985,16.039744200894418,1.801156848850244,2237.157624918895,2.0451983309087565,0.19852813072842646,0.6226873348182209,0.45957363064456974,0.5924450415045037,0.5437078850083583,36.70018190224441
702,coastal_high,region_2,44.38407399141343,86843,19.195208410401563,30.283616386258597,2.933615725972942,2434.7296867441178,1.9950153722012856,0.13764895017973067,0.36385853226952486,0.19296055087855823,0.25018720805320077,0.18264787837132154,3.4482974037648315
703,mountain,region_5,274.0143319686304,14816,55.70610567338024,2064.235464882325,85.6501314295196,2808.275064097609,1.0703698581384464,0.7330948349127923,0.37974221289552773,0.324803063353836,0.38631322336832397,0.3769338800705848,15.092896045689317
704,coastal_high,region_5,155.3635727005735,30907,32.83556254068819,31.991946646076862,0.11816517106444002,2585.0814188173945,2.3388478138437776,0.14774015516201566,0.5060702069496557,0.27484075072254,0.23909016065737598,0.286872291119403,16.705895080667226
705,coastal_mod,region_3,100.91432641701202,19736,28.39889586676404,44.7399514204565,6.555401198483789,2546.39361676673,1.4598780208280575,0.17324718174366546,0.646108268393529,0.5517919160884992,0.6764026908938096,0.5146157580134716,41.271651956656555
706,inland_flood,region_1,47.10764920025784,32497,34.77928684873696,91.3467552278571,33.27763220341164,1547.4883743063788,1.2449463353032317,0.09410907794462318,0.389810875655786,0.4176099309874052,0.3658336335223361,0.4009850234547666,19.172746026899656
707,inland_flood,region_4,3.5427264537013836,5199,38.576613430652685,76.47033352639443,30.57432853982147,1908.4807826135168,0.8031077941614044,0.17941736193457888,0.5806914402627495,0.5429524287905081,0.5405386216976765,0.7350352789286749,39.42446883908625
708,coastal_mod,region_3,74.38409749826542,13740,35.94040371189377,40.6360918336168,0.5600793757319327,1521.34226120425,1.0716322294824296,0.11464096121546805,0.5193386732451655,0.31095556327139456,0.2668291113972473,0.40045087181323,5.410785462659194
709,coastal_mod,region_5,274.20601898439355,8874,23.175860370839654,76.30135747494734,2.6231995491091107,2050.697864557103,1.2432998977317884,0.11699673349954762,0.36960121695466563,0.35881294759618965,0.2927249181375652,0.2762919665815127,10.231021403767404
710,urban,region_2,239.17865768166826,776774,19.646005188071932,26.224838253748327,4.892384505812818,1786.302763410698,1.1226091684954689,0.1947043174252172,0.6375541101582473,0.6022371807604568,0.5874197839672206,0.5439309303594688,37.04730756384465
711,inland_flood,region_5,290.93811232521585,36334,26.141310264145588,23.836138654646085,38.16629191798714,2384.375850028515,0.3846131631858921,0.10065060355431527,0.5031656777156034,0.4048577341448607,0.3549346561557175,0.33854596406178444,16.526043412033882
712,mountain,region_5,30.228456336411913,1363,22.837235921328155,624.3667870901247,101.1831527722413,2604.856002921753,0.7363294081359089,0.7547028551616698,0.45701514099537693,0.2638850129628716,0.3803104812249823,0.4987791279575594,17.50462763854874
713,mountain,region_2,177.65362305170083,2534,43.86564107181484,559.2231829364043,120.1850603193727,2907.414747796507,1.2314551665546676,0.7145003421160935,0.5444789735790949,0.4502389274219019,0.4304188466969332,0.5749514659698182,39.110661807959694
714,inland_flood,region_4,77.14514220923299,16221,36.05392425578576,236.08410123054983,76.26600311884036,1871.1956524181212,1.2402560291853586,0.07156801935192064,0.5544872843875186,0.5147601667274249,0.4801398826434545,0.580524634558307,28.066922213898888
715,coastal_high,region_2,162.88251173172222,23737,23.601371492738217,53.648955871446546,0.28215023604044276,2192.112761153343,2.357555157086824,0.21912865003943738,0.3910643635757269,0.266508649342026,0.244300665357286,0.3595787841520813,10.65941365468568
716,coastal_mod,region_2,96.13646566903654,7634,26.317891576162054,45.136839494937,1.2030546599051757,1831.9529519115465,1.4394854129710937,0.16627397621763795,0.49779810997035406,0.43988215316069373,0.5338335893420888,0.43319453162516874,29.37261323720765
717,coastal_high,region_2,85.03966507300726,209041,19.007333795862134,14.279329260811808,1.7695275315737018,2706.175712308343,2.6346695578426096,0.16994713223262994,0.46815640398462266,0.3789108496515941,0.4284284641090834,0.33709945415626047,21.279824337372627
718,inland_flood,region_4,172.15359060737924,23156,53.629146554428495,121.24844979279821,25.88813563263562,2543.0484482580273,0.6819496315396116,0.20240712390221025,0.3781811026906986,0.3102272938549184,0.31074603076738583,0.25209616807300655,13.57480128535086
719,urban,region_2,54.995448560862094,356785,8.361278833766875,35.10432906421512,5.561464269288944,2223.7146876061465,1.0105518634111401,0.2255531161122616,0.569394450554894,0.5178811676518983,0.5056341868493567,0.49945153620704874,28.180517439049655
720,coastal_mod,region_4,140.74003109163505,12662,32.35945872585031,32.83607447997356,4.996417844368295,2068.831294749346,1.7372885821065598,0.1606051667141943,0.6472311429178503,0.6296554231391275,0.5561447301737552,0.5311474946913923,34.69044859674923
721,coastal_mod,region_3,195.24367951321042,39254,31.77976834406987,44.141247394301594,6.244360256310893,2133.930200705696,1.4082814690516126,0.18160886405998566,0.5380005131935249,0.530391621386634,0.462808253940849,0.5113659624302476,34.43761628992928
722,coastal_high,region_4,38.454621954841215,25786,53.13457698399249,20.11559864781042,0.6527978623740948,2587.479867299281,1.9986465078867466,0.16889857152970567,0.5607169884341778,0.3787364803627092,0.4259530382986495,0.4807802003246958,21.433510023010797
723,urban,region_5,279.1782812630712,226385,5.128912120176729,45.297963870793836,10.019783461455177,2707.992768053448,1.4655773880269412,0.13362062208565145,0.6845674296756511,0.5769967782609756,0.6398632332043489,0.6693629686122414,40.68661735953506
724,coastal_high,region_1,151.71740983623744,62937,56.72814795431219,8.204379862121801,1.93760899754164,3093.443426333953,2.068459911493605,0.0709665620925745,0.4202503970577636,0.38122253860874267,0.518738217528475,0.43686632407599923,21.61215703649266
725,coastal_high,region_5,245.85839156530267,8382,48.67874258895299,33.806056294025204,2.578848378774943,2703.983601660146,1.9487423513581796,0.1613162848280228,0.2975742967735246,0.2616075735015184,0.2343133596662108,0.31253093719103686,12.13949567773303
726,coastal_high,region_1,196.171629186319,152867,39.86876550467824,20.095245808408563,0.9412424872919712,2643.8927871224423,1.9403944561398732,0.21928582325469814,0.6451610736340277,0.6165220147701057,0.3488524522458114,0.5080372246951934,33.644087480323776
727,coastal_high,region_3,213.00028236676366,42793,41.42513690217446,46.15250766862574,2.25027559466453,2719.7413561479502,2.296464808307805,0.17994506854997677,0.37266396820770525,0.30868040150582254,0.24902843470755825,0.2829117937064667,10.317148631245232
728,coastal_mod,region_2,214.8392822978514,61374,35.25580423831735,90.80797969243962,6.015998915531957,2372.9964842490767,1.4617446489891988,0.09816043181684966,0.4103336627316387,0.499828801844416,0.3688983061271761,0.3991091263065696,25.958945252054306
729,coastal_mod,region_4,262.5299691184418,9317,20.167571958374594,103.98372297047173,1.9135563359300596,2055.3807164585414,1.8550240299967853,0.20662989221343772,0.6384774160368327,0.5712225376666273,0.5151864875827507,0.45977499162131696,34.40001283123153
730,coastal_high,region_4,184.08163051407723,15821,39.13307445660903,92.8150716895782,1.8634735132752827,2262.368421049345,2.1129732260195495,0.13609195091650267,0.3940587636805523,0.37483627750521636,0.24090155745152636,0.349539986935514,11.099716461936671
731,coastal_high,region_5,83.46514551641688,12762,44.42068901398525,60.97600054643347,2.0254862630053925,3012.8881042219464,2.1078551653606263,0.04642714370274478,0.36434472005432317,0.21811388882374927,0.2836112837936927,0.3959502579598365,18.165723214062265
732,coastal_high,region_3,29.852892859637148,45490,46.03186037638304,45.178026989359545,0.8232852378668214,2608.7930922287933,2.631890059158075,0.20165717529274682,0.5164449599658293,0.35635088393273534,0.35261980609118215,0.437470747303374,27.838348134216147
733,coastal_mod,region_5,181.87518583504243,23220,30.07592803829999,15.503140568509899,3.6143999629171137,2532.054777535239,1.695694037983277,0.10299244885817524,0.41690707493433643,0.5508318267322322,0.5569020153672962,0.5004278213842328,29.38302069785337
734,coastal_high,region_2,19.905841131174316,23909,36.12314990281047,2.2348282726325395,1.3073331817694789,3258.463499510577,2.2434694911288218,0.2390741118597055,0.36228956301800314,0.3956880925709847,0.31774732833838143,0.23281165886176944,17.914298487788912
735,inland_flood,region_2,72.38803550685905,8012,29.91596699080429,131.71201355285365,66.41057410226216,2156.184420229868,0.5316961832256069,0.20961015963239302,0.38202970127723673,0.24756899323868597,0.3738602627361055,0.3616818699907691,10.660061129119688
736,coastal_high,region_2,18.212155380573513,11615,14.374909351892754,12.293593436761196,0.002073767741230914,2743.419391828028,1.9564435653150305,0.13881738331018545,0.5515913377240255,0.37771102885587066,0.4710714762082052,0.527855041826975,28.213911215699667
737,coastal_high,region_3,164.66627670197013,34764,43.0423725232982,135.10871782948539,1.5030798343700797,3880.0971922068256,1.8837715607836794,0.1752467716015619,0.6177142436368711,0.47264497788457654,0.5199842839115808,0.5103065235859774,30.65897956222249
738,coastal_mod,region_4,48.10143748286041,15176,18.094667397024295,10.336299708792005,1.474726508510492,2272.457044897936,1.4109355330698106,0.27137026304320905,0.4128774883261896,0.36442519291137293,0.3220258657675042,0.3249037879334606,15.297581142047235
739,coastal_mod,region_5,183.122195830042,12727,23.064932853991056,73.13689351338071,5.174735744443471,1818.308617253778,1.2474976656375367,0.2012338980515209,0.5860951283648086,0.5314996770252012,0.6198036799988363,0.5269889545809775,32.0747796286871
740,coastal_high,region_2,237.25953925898028,146148,15.744960328541097,28.61431946115315,2.0411065889128492,2487.509907131205,2.68087146785269,0.16239261790760717,0.5420249607842021,0.326492607595501,0.35773215211968995,0.257545603262222,17.977170470458084
741,coastal_high,region_2,246.5642162315587,33722,24.424406212006215,6.938969913447995,1.5033795260807497,3220.6738846982166,1.7285688358677975,0.2945747342092869,0.4888885289897422,0.34894283236302803,0.3947463175354008,0.479581730192649,23.292627866194177
742,mountain,region_5,92.86305244128823,31040,37.75739795365032,1139.485738920202,95.04354501412922,1752.9163248599766,0.5515980849261861,0.725097917930925,0.39480644046020336,0.283111476591179,0.3390109596599053,0.2700159846881296,15.274282176008583
743,coastal_high,region_3,164.6863598083488,22473,21.836686749092276,13.635960732875983,0.9451745671655061,2299.016158338808,2.273388635463956,0.1793207286585881,0.39345656597821727,0.3858038029218673,0.39872475822583575,0.38343590555139784,25.60433892541903
744,coastal_mod,region_2,168.90322802590768,26790,48.457668611000884,38.83570410898277,2.506581434402971,2587.2493820889813,1.556430814929251,0.10384435378810415,0.5664827406817037,0.3706205000571474,0.38588204920506036,0.5006113835742165,22.689629765639236
745,coastal_mod,region_5,141.86615464624998,21070,12.685146017757273,39.246528716012236,5.960936478802884,2104.9327751204382,0.6238591307312474,0.06692599903763358,0.45906240953167315,0.33701138102325656,0.4387095793988281,0.43830073435503136,25.802907305012244
746,coastal_high,region_3,196.53416742742945,7880,31.65735428841641,13.801348623077786,0.39519410227895924,2555.901685209402,1.6793769522504272,0.13584266259305966,0.4620275688528359,0.4173688321246836,0.4332069895053638,0.25048767773751873,24.875418020265627
747,coastal_mod,region_5,63.02613714706007,69055,19.591392700311456,31.24597771804567,6.172026517546344,2575.6804870457204,1.3209188920578157,0.15244740712992133,0.572263890640859,0.5636242591258926,0.3932853800266263,0.518292662203395,30.91599184694109
748,inland_flood,region_5,293.7729718760383,16185,31.113836004208935,33.902798497411,59.30079089611553,1784.9536473038117,1.4068130894454902,0.16703499277285486,0.5728261582342247,0.49834676147656676,0.5170225626476556,0.5175116320042826,29.892304701326108
749,mountain,region_5,29.42394812727973,19375,44.46883117596398,178.9158530324849,136.13696215865977,1665.6987742389692,1.4663282655650909,0.6320290896858592,0.30790008717995154,0.2368557810269821,0.28711460430935065,0.22433976975914063,9.839076968669882
750,coastal_high,region_3,248.76634236093577,18456,37.607876230900565,26.783422424996125,0.7804340765993926,2044.4456116549857,2.0756507529510926,0.18348545238136788,0.5179334193273953,0.4396438990274525,0.4793831120041361,0.40764590125210326,31.356934803156737
751,coastal_high,region_4,178.22879608535635,31308,44.489699385805174,60.77052942323214,1.518537155448612,2832.7121773638487,2.1488059067738754,0.10950569559508733,0.5403774985564804,0.36898721973927406,0.3257639736972101,0.4302014389641837,24.73299352362617
752,coastal_high,region_5,73.45642415811477,16644,56.01090861376249,13.360361629783725,0.11696853458769574,2703.652837532318,1.9489402728146072,0.18066205735711527,0.49038193189075047,0.316438605073807,0.14971456856293552,0.25946139686386543,10.599216604034568
753,coastal_mod,region_2,223.70250019808995,59207,13.858705904541196,135.6723496583442,7.300052600438282,1957.6017203522345,1.5899619199658366,0.19903460981928828,0.49234554707741224,0.46733620196269143,0.543525854372584,0.4232950643329146,21.24297812620726
754,inland_flood,region_1,25.344268703121585,23135,38.306073429005586,246.80808146746466,60.5234876407495,1652.3625137578597,1.4585588753481793,0.13438727577541099,0.5170830487929202,0.5531468462215217,0.4881833613620669,0.5382374738882416,28.535300347913516
755,coastal_high,region_2,232.32535033463492,50531,56.89199679037487,17.514021134831527,1.8686257472143248,2491.7707499404532,2.576806221214015,0.10210444949210715,0.5252940880038426,0.597006196834755,0.6351527163585593,0.5882877714248227,35.799968386846864
756,coastal_high,region_4,176.99556667290406,123298,28.101836975256372,20.920559341270444,2.1980676029598096,3046.606914500189,2.1912998162033754,0.22753531754764222,0.6073760626693837,0.41216873847328206,0.46845680812372026,0.4303662018180966,19.38448574778435
757,mountain,region_3,33.225095518920476,28020,35.13976375574387,711.6061459188762,64.11946281112374,1982.091023085372,0.6484404884594327,0.7556477418899051,0.38214573172006466,0.4497105375459379,0.25998850234688664,0.2960554432183893,15.179094152405245
758,coastal_high,region_1,23.851668927711067,72316,31.609660392998144,9.432167443842912,1.811580806256703,2334.926391218975,2.202459101292946,0.15775790211928423,0.5542849106718165,0.5322079741491591,0.30462434891270096,0.47966911732593626,28.61466778754093
759,coastal_mod,region_3,225.25090003093874,7062,31.991028805375972,34.99732830515062,6.4073752832419615,1783.3174514287673,1.814236011330073,0.22401166236513062,0.4786371189536316,0.3321651190274612,0.33734315040123114,0.37693070911384385,16.21355862178714
760,inland_flood,region_1,87.88077195115115,10336,22.755941876668444,51.23820860958961,25.417666682243855,1889.7761332693485,0.8798448704960145,0.15502728335594987,0.7148660201249257,0.5922578529173309,0.5836933715975874,0.6504881098039723,38.80197957464173
761,coastal_high,region_3,266.79055523016405,14713,38.79646740980851,26.44489830469289,2.8764506678708974,2735.231596286632,1.6553712911956744,0.11942066612852893,0.4686904718395672,0.33214331452923307,0.4584735822862414,0.5194052509522951,24.075618043472925
762,coastal_high,region_3,228.6219063090528,69897,34.4539046387942,27.51306678139991,2.675660407503954,3446.067662817236,2.0919972240047597,0.10037893943122894,0.3297401526294964,0.3048209724157599,0.23680537437566046,0.25902123905659197,11.627387577083335
763,coastal_high,region_4,209.45707341531482,42344,47.15508454218041,8.789607244732576,2.8890565017186423,2687.112605127975,2.1162922739534986,0.14475829106922902,0.543692126802108,0.4746441237519668,0.4016397806068351,0.41548678567357433,20.430564555081766
764,mountain,region_3,83.58181579003528,2831,41.923000283898595,1519.227092193267,127.00182108379252,2373.1609473814906,0.3536105516191508,0.7642097092269402,0.47704082980490226,0.521565900282185,0.39315919121856135,0.5498919705325096,26.366508170939234
765,coastal_high,region_3,212.68335570648537,30642,58.55239520155514,20.805944415126927,0.8829332773179609,2945.1746423940526,2.269611199599496,0.21983887930824036,0.418867756826712,0.31200754232930267,0.3772286589232303,0.30763211856397166,14.804360088824769
766,coastal_high,region_4,284.4443053544502,9464,27.965412252512216,10.419837907553344,1.7446664029039631,2878.4862207320975,2.3518013989766193,0.15135125453949833,0.5923317293576977,0.49417358330098493,0.45902104323347576,0.5091560484983862,40.24346843496317
767,coastal_high,region_4,27.467950311170675,34619,53.76774160165267,20.44328814246286,0.36048726671519604,2368.935674253327,2.7579677844454933,0.2110010482931699,0.5075784949866822,0.46281489572399404,0.45911485805609864,0.37738344694609577,25.257918869662014
768,coastal_high,region_5,97.84879260106982,8185,21.526607744009592,28.296481922963597,2.262500194998168,3520.8240293720305,1.8002869129470664,0.1397637843614239,0.5471672836837594,0.5138815107785356,0.43220254915097117,0.38832778626455056,25.803252667003196
769,inland_flood,region_2,70.40167963847824,27530,28.08534071685446,182.42213950948587,29.218379959568825,1992.684994311814,1.2191564293866293,0.11399687904542502,0.6263007051718228,0.5494794302952863,0.6511633475822202,0.6469032172938181,40.13271336721295
770,coastal_high,region_3,117.97504032020001,51029,41.202894314293204,61.25669952900205,2.6004718047726962,2694.550128142318,2.490050845352763,0.08571750998064137,0.5546282216326079,0.6021500262993195,0.4201797482422783,0.5312251854379146,28.934432176710924
771,coastal_mod,region_2,222.69979645618392,101352,23.1649271704992,27.24763534011505,1.9244556201024903,2392.972005550146,1.5558862792805928,0.12514756769599092,0.5842633525863177,0.501404787413737,0.3330070224668087,0.5855227693501583,36.41295287881639
772,coastal_mod,region_3,142.27277442761596,43403,36.297057886898024,36.52469062393104,1.2832952582634203,2321.0553286645336,1.0979595101467625,0.08718316370486302,0.45697453027057905,0.3458105924167605,0.3901065087314107,0.4249743001290285,23.424474061623695
773,mountain,region_1,171.2191818360739,6764,34.71179914146942,495.75430885231765,38.5085236429167,3162.698834437295,0.5805219957772465,0.8088371046492698,0.4121065556284717,0.35407171019767114,0.35597679784678926,0.43553934382531473,17.719407606604463
774,coastal_high,region_3,94.24646642350271,75831,23.133096505085668,31.691711717832337,2.1340953841524346,2364.0365043480124,2.229159025685145,0.1724993420943106,0.4292410674218995,0.3480319872983931,0.31906110575028424,0.33817971958988075,18.783645792998655
775,mountain,region_1,42.38678012613016,2813,42.095001382880916,683.200261042605,52.3444532286028,2791.6911244263524,0.9270532979538876,0.7067422935611032,0.5334962889464988,0.5212586968221661,0.40981226966264084,0.5797048884261996,35.62086640372147
776,inland_flood,region_3,80.08009468131856,8350,18.15894264623491,56.926907021862974,31.860068723703193,2049.3705336154935,0.8321698526113881,0.2370602323641212,0.5006885517368074,0.39535185586061394,0.4434895054328049,0.5032656353901334,27.44581800367409
777,coastal_high,region_5,257.9040903725961,49012,34.18887510694093,50.58287954477345,0.5090898115883349,2993.0892780438094,2.5874911040599766,0.08573977575553525,0.3561732254401931,0.24291966488304617,0.228945028705306,0.2147908105179884,2.0587849516133074
778,inland_flood,region_5,180.72508864602312,3207,28.844123374798663,23.35159362152529,38.34770734810966,1935.5043650095165,0.8797745252523819,0.14353671234982143,0.5569653934202816,0.5290255337498541,0.5015527600212698,0.5030447303563457,31.130123631156795
779,mountain,region_3,113.39660195917011,9571,59.85460512390475,2454.032222314231,142.94537209540724,2224.7923219234394,0.331889776764289,0.8413740451168753,0.43656445311784553,0.44921736154440417,0.23795732974112438,0.3366627570250806,17.87319077851359
780,coastal_high,region_1,236.97179452067627,14497,36.24361419905283,33.95566484078444,1.4598650337729664,2892.829394970405,2.132783045648549,0.14337067987383662,0.5240936839485116,0.5079873049965153,0.36874460170722195,0.43203707268146063,30.77595834570542
781,mountain,region_2,19.33722973647263,10841,58.391489411270534,2377.626560498835,61.30535271669201,2578.99662854499,1.0440820044737118,0.862442366362953,0.46223711451241883,0.531790438129496,0.5285000454154134,0.5201487007488107,34.2626014080153
782,coastal_mod,region_1,76.1673263767157,9300,21.593489354446678,70.21936286744337,1.3631260776356706,1912.896994186156,1.5025883456183138,0.1904645802894253,0.5445789479029354,0.48795363809141745,0.506860533115077,0.5776673775666813,34.441909830566004
783,inland_flood,region_4,69.03094621720179,25321,55.50990509623944,126.74084947904164,21.13408518232628,2403.6836859242776,1.100266776141984,0.2174339400681013,0.4302195914237562,0.4847095564447364,0.46485402552811783,0.47847583797444143,27.267062154886357
784,urban,region_5,295.60936865046665,271467,23.422095573782386,33.96713482933648,5.474889706025212,2319.752812532538,1.7481967043070032,0.2173176398386694,0.5000182608864578,0.3165542878790268,0.34802023982215763,0.38413073554124655,18.5744801462619
785,coastal_mod,region_3,211.82957471782808,67527,24.399954075527784,16.964702689676418,0.8804917938086572,2174.0285333263814,1.0655628284893626,0.15036625416793137,0.4570415927533748,0.44274347440328105,0.4481786522859483,0.41734094674868766,25.839165373922103
786,mountain,region_1,185.33578091656625,9957,37.44509779048871,614.4250975631248,33.241439480299505,2165.884444134442,0.7728874954947976,0.6859524727204469,0.4735897676161529,0.4508004255564748,0.40892260257646107,0.49451228189928964,31.68376202857982
787,coastal_high,region_1,1.4954895883418695,18182,38.26644466282343,13.020426332702689,0.30893911780749883,2745.652358749434,2.6635162114031212,0.14444758995488466,0.4518651018807457,0.4639810377986132,0.4030074816017806,0.4662867985755848,24.80314987646339
788,inland_flood,region_5,55.29300062695721,14801,41.9271419486835,9.005076435082518,39.11129098354438,2198.145567208035,0.4097950339107148,0.10080525683149447,0.27888145840711964,0.20984960586780094,0.2008434142192893,0.2437550005967143,14.620250834450559
789,inland_flood,region_2,190.6623878919235,6152,22.74749266228823,134.72486366136368,65.0518220862973,1521.7774778087512,0.9838916658391692,0.14897416096658297,0.5693618724497085,0.36947800241001283,0.33687707007514156,0.4431978762706706,20.089756759970747
790,coastal_high,region_1,113.91579794449972,52340,54.52864915112418,23.35425843059017,0.2009587535055789,2750.272369009133,2.5686763345711103,0.15017359662773397,0.41832167089870015,0.35065282771177125,0.48151190083598194,0.4051897325913519,24.049398505977734
791,coastal_mod,region_1,277.28411510371825,35308,21.439590519356297,20.243947965610644,5.429391390052658,2428.394145844737,1.7642048752802177,0.23480318953828255,0.6661147699774213,0.5435620810414311,0.5440476008754672,0.5141176579839195,40.576043447622936
792,coastal_high,region_2,229.41726574252738,335130,19.494447750720433,90.22482338073216,1.8616275864037393,1659.0205600128916,2.398034911853906,0.18118554123369496,0.476288832179673,0.49643471514278714,0.5075615999546481,0.49067955718223405,29.791356306595716
793,coastal_high,region_4,134.215221841236,20750,27.866983303965437,116.2091921400121,2.645970616400364,2678.475863498116,2.4056317905285085,0.2700908928119986,0.6039025292621674,0.4711542389990886,0.4702117428017668,0.45750033259833417,32.41662186620454
794,coastal_high,region_5,224.85449326148114,28537,49.88768037721875,7.75628093885241,0.5519610254161772,2877.8436537582315,1.8876930630834596,0.04215361460036243,0.40348076211682515,0.40972055508024574,0.3860272454214131,0.42681405511482906,22.935611916244167
795,coastal_high,region_2,292.62129714786647,21629,22.286138239231875,20.985918782837423,2.3828031170369224,2832.3513257058185,2.6119531251787556,0.08950176904656498,0.537504010763652,0.47045559599772463,0.45677641789730056,0.34205995151671187,30.036108992800358
796,coastal_high,region_4,138.2942474104412,43954,32.94603427335265,19.94106474129355,2.5945956511442256,2920.97934191233,1.839981486614262,0.1325690648806086,0.4544309477738622,0.5219684471003232,0.5494651446645175,0.5102376757376976,31.65831706499837
797,coastal_high,region_1,192.75776636656002,51201,30.18582867827757,11.325457779707358,2.9294523949552107,2468.9733631927006,1.8578760941879877,0.22481574136240076,0.6238731225642236,0.5054096601595144,0.47083226461764077,0.5157789678051864,29.476921445060526
798,inland_flood,region_1,275.59938451838855,17279,52.095779072708446,132.56687104878048,68.51296148114949,1688.0280695973634,1.1163622393491237,0.14675704784062812,0.568509764281369,0.5392133634691098,0.5072539043778789,0.5916405777836462,31.807027399096654
799,inland_flood,region_1,74.60239861085198,43004,24.316071439388647,9.141890651602978,27.426092049151016,1460.0767004703812,0.8520956512848401,0.07676284775931835,0.606179931187192,0.6755391997126503,0.5093631370668752,0.5013790622345831,34.2526365095751
800,inland_flood,region_5,265.9673740998835,11008,39.47131842043101,200.9056498629862,76.82774060980584,2327.6669721704175,1.0620090097119277,0.14113230593743728,0.5861791144277069,0.49320976759570107,0.5960880781590953,0.6867992911042391,36.95740883246114
801,coastal_high,region_3,29.2634120318948,88217,43.73081829679927,26.28920075947473,2.4449761584113516,2881.226197517737,2.3292301237840682,0.0905634877146022,0.46991897103908936,0.46861951553181974,0.24794736509041032,0.5046822192560676,29.22317826688304
802,mountain,region_5,194.53445117629394,16069,29.98866884532933,3413.1974725749,55.479022134561234,2984.244465414234,1.4334329218126647,0.687886601507405,0.5600816742932628,0.47137754102278046,0.5375577079650767,0.5417957853039563,40.06870699376827
803,coastal_mod,region_1,234.8514465167353,21815,37.892163227894,41.102109699219035,1.3215792043703614,1946.2005244045495,1.5301173756699227,0.25063462991894964,0.6986225188333526,0.6528697082799313,0.646474584396152,0.6521116909053211,36.87004939556956
804,coastal_high,region_1,184.38186577572782,27352,52.74678142123348,19.88375593722011,2.8092424512011442,2921.5345690501454,2.0144397087524624,0.13275492134442096,0.4444861209621742,0.3728512988829576,0.2931163136751786,0.21626452407125124,13.646776488911833
805,coastal_high,region_5,148.6604412457629,322545,37.94297450497764,52.425680298222375,0.46709587831763544,1998.9276192172806,2.4029463874558408,0.15954186850838273,0.3615668373680905,0.21067188573793483,0.27053445002957294,0.2674775293282674,8.087887875852326
806,inland_flood,region_1,185.2041299777058,9380,39.1582492424848,226.56877721873525,66.62620312454521,1739.1519323870566,0.7504737399753664,0.149173551469471,0.6164237863832864,0.5607467044205471,0.5974154445436968,0.5319417440885141,42.12412106763301
807,coastal_high,region_1,45.49911263383337,47483,30.58197187571348,75.99221392484385,1.2157777627894748,2650.3908866031347,2.4739466573128124,0.13870692351732966,0.5796235235448439,0.5285490913424997,0.3612933293507233,0.4964345749410631,24.6949829618626
808,coastal_mod,region_3,64.67121309906551,12086,39.41896226916342,8.803994521638604,5.79044212394207,2432.122670439247,1.4193883758707764,0.1081154388821411,0.40780489030034317,0.30414546675998655,0.3953766574578692,0.39263219701103264,17.66185428341862
809,urban,region_4,80.9698031869026,783379,9.155652229702675,84.21160521174727,1.377770702499731,2603.703734369107,1.4201631448470846,0.13588860496315597,0.4490230348821329,0.4957164728419551,0.493463580688545,0.4403131444409193,18.361614760370315
810,coastal_high,region_2,179.33380218901144,80671,42.28651233993773,19.111849324886975,2.1751748632154078,2503.974373840638,1.665803806865596,0.16718411942389552,0.4127766586621818,0.4302431372401759,0.4042905224909606,0.36546895264557944,25.944747765498224
811,coastal_high,region_3,132.57032212352115,19721,29.662858094590234,22.73789057108404,1.5357341319572413,2253.700111284374,1.5247763214455539,0.2213152688700935,0.3501143995842474,0.322846618902055,0.33125646994181135,0.39364196235160515,12.675991207588897
812,urban,region_4,73.34275274575187,364965,37.01937348346723,25.0589020486817,13.505675780082717,1824.8553366505712,0.8495727302759704,0.1977944318871034,0.49493821680194555,0.38544641211710584,0.5144344756670287,0.44013383177169935,19.17894091814686
813,coastal_mod,region_3,264.84279964337406,27069,23.27856924722044,25.590131720402386,1.5071873379516516,1959.2539192414974,1.92373125670954,0.08947826504657361,0.41866250553654827,0.4294417245321299,0.5269774605202944,0.39060661381604755,15.406212717669954
814,coastal_high,region_2,112.17655208796702,22811,36.13040371046578,21.168949871539972,0.3280682339250044,3488.4107185900475,1.8555535531458731,0.1997836620105685,0.5591278304330954,0.5376578930141503,0.5736738630810464,0.5279543204377384,41.03700646491729
815,mountain,region_1,133.80951576896734,19581,52.407102527523655,438.4122661545888,53.546435818183895,2778.4367905672293,1.1196929405966793,0.7311662776313494,0.5467679480159345,0.5743883523967951,0.5678310180903576,0.5855783222531853,35.83504989539953
816,mountain,region_3,122.91032296469837,14049,43.3587262833475,2536.5381217576078,39.429044069925595,2956.2659251812297,0.7074276603267884,0.711545871768921,0.4868862959495928,0.4516581848290069,0.4516818894086584,0.46291309510985823,25.365588557604436
817,coastal_mod,region_5,54.58288658302579,26174,36.86572962501742,69.5296346378528,7.84120432689395,2116.355044487037,1.3279909702342279,0.16027755998821608,0.5311698400649514,0.5334684425681275,0.6443440587382295,0.4830969579787226,28.145547185328677
818,inland_flood,region_4,219.48810462907,17438,22.882277577165468,80.12456868783497,27.371397554676747,1999.5053952803762,0.9865839234792222,0.179965761316934,0.46327452219860954,0.35006641004369426,0.2434797494093733,0.39969873511193665,14.087637416185103
819,coastal_high,region_5,134.5374786806574,53527,38.301587725341705,18.78786419800053,0.6025528367840816,2879.7058023834093,2.693133528343449,0.15266952847012527,0.5159159716387448,0.39288103334424895,0.3380134656783341,0.5708694739020276,25.851552962309356
820,coastal_high,region_1,4.877132967815534,44642,38.005269199345186,16.212056850737795,2.4290572418291676,2397.680497687624,2.3753516592374275,0.17428560353989056,0.5943449400062643,0.5549446555412879,0.4862213079570094,0.5698913198945253,32.650105539281164
821,coastal_mod,region_1,289.2041107079391,23092,31.684372311072522,58.242852936164994,1.9740351656142927,2098.042239708663,1.5155099420961053,0.10783478849195235,0.5030103921721301,0.3687924030605004,0.42717165129114376,0.4365838914110705,18.050962741034944
822,coastal_high,region_3,244.7290834786241,20395,52.22419634892271,30.783339840248264,0.6668800205716134,2330.118273494464,2.5890095296333593,0.25016080215120273,0.40349707802763035,0.33317014456246274,0.19682128518537514,0.4575290262305466,21.62772076051489
823,inland_flood,region_1,217.06780622754098,69913,25.612312520939255,146.5647881442445,60.33858682446106,1865.7521900728655,0.8100409408715255,0.056007763972125785,0.4604190849684965,0.3714743755784259,0.3066534220446834,0.22572458470344287,10.729707407145098
824,mountain,region_3,260.7275611555587,3845,41.66417829085968,657.4602153663317,77.85182765277946,2424.489306251661,1.22050289308543,0.7399814587780297,0.4957396531722465,0.4617809082508083,0.4385844129571735,0.42319704335247993,34.02082572066158
825,coastal_high,region_5,272.0421760816651,53362,19.505676204418336,15.17185119382029,2.506437461400937,2271.315949534416,2.4703907785476193,0.16859406559926804,0.4490022801206252,0.3236486306456616,0.3801206235460629,0.3069752662550131,13.68944219670713
826,coastal_mod,region_2,101.2469119153316,17048,30.25431455842104,67.51349035492188,5.1061547653007695,2300.092642695285,1.6669698089730596,0.18328587002958277,0.5848848872828885,0.5258422054083607,0.5308753332099272,0.549310262954926,26.005120334496528
827,coastal_high,region_3,183.2876035250096,176944,18.60786482584784,46.65127873147091,0.8646441512534306,2713.8326982204467,2.153494989126548,0.11536831520414008,0.38113355749543026,0.3377652694772206,0.19797275425386954,0.2780251516161997,11.176591374832553
828,mountain,region_4,182.64234276167826,4389,33.91383946780688,4420.773392271934,101.75079307436357,2310.3756785719083,0.7688055312667714,0.8330217828694555,0.44289940490380664,0.3843975331725159,0.32551108001635753,0.3516936045614429,21.64522315815311
829,coastal_high,region_1,80.18990064317909,18737,53.627168095208965,5.005620238631074,2.5993848646436777,2269.0160577746315,1.9390529064491755,0.1446853920288917,0.4962539011113108,0.5065466812027657,0.41202279662980823,0.48837710148268465,25.32112443021041
830,inland_flood,region_5,66.58567543412016,8301,40.571188048242995,175.42853243706546,41.86897763314771,2031.4889146855585,0.7578452905100386,0.093648077000996,0.3312537625813478,0.2150070508415267,0.322871477480689,0.2475056768530425,10.294433468486222
831,coastal_mod,region_2,34.172176445706626,28531,46.27262574195365,47.013938859007624,5.891765772193867,2023.283402966873,1.1248960546824525,0.09605243009423611,0.4386743333263339,0.514302585751569,0.5236908702197354,0.5769945541256208,29.328259823677307
832,coastal_mod,region_5,197.79425877493583,7343,29.97440182081799,28.697045251872726,3.32666384301723,2216.307958487112,1.5100543285478227,0.15671926538528924,0.420621757277506,0.4204295307622938,0.34317256563318016,0.3781924706632573,18.466930933280867
833,inland_flood,region_4,234.27569730923398,12297,36.51374919161781,94.07658403178124,52.584403866709984,2329.4382402210304,0.9314991060189783,0.07176064433654346,0.5464025425240748,0.5263487681818815,0.5039318470924383,0.40980009747191787,32.308549495584174
834,inland_flood,region_1,228.28589385510114,3223,48.656278164237314,91.74777186031584,64.02200166789422,1624.11796486879,1.1294200593040058,0.2415727413206725,0.4751752354209965,0.22914218239603767,0.2777142609137509,0.3546214044305283,10.262375380387883
835,coastal_mod,region_4,94.88261315549231,26697,28.972477523567825,29.377528778349227,0.48421897047875095,2960.720217912681,1.5463646058958411,0.20294155318539836,0.5454886350557587,0.44125588640093244,0.5705638362146326,0.554389016743967,26.468342820065423
836,inland_flood,region_1,61.57795513956067,12086,36.82312144771837,14.463182943736735,47.29697134050147,1978.2429224636778,0.6820731837135001,0.24158615590545382,0.5949067322225476,0.531148003669677,0.6263112933353685,0.6465479492668981,36.76937041994734
837,urban,region_3,136.08425353638657,109882,11.960260718584033,87.91943430873772,1.4282027398892927,2223.5517821717763,0.9730694403672313,0.2375540468518807,0.623974731997177,0.6949333368011049,0.677815370170821,0.6975234569491507,38.65335768058107
838,coastal_mod,region_5,164.04403807215317,52495,40.4342322542566,23.46608519833052,5.800044355776746,1936.5374684153578,1.331401885048006,0.13280046194969783,0.5387680293717534,0.48414862348203247,0.5862909806449876,0.4992954787235434,24.69185509167356
839,coastal_mod,region_5,275.72613839056675,7737,32.126951229170935,20.502302502856203,4.862450121481112,2599.7740423395767,1.1674637829158656,0.10687932411566381,0.3591185804053075,0.37589373073929677,0.3781331297053908,0.33039311626320617,13.679594111404846
840,coastal_high,region_5,262.44694628221623,74402,43.37300537340708,15.24389007537527,0.9807889811678352,2549.749412219732,1.9358763581421146,0.01636847336734265,0.3673276387282316,0.35993596804000527,0.4226797388069289,0.3938098470043545,20.011627110906925
841,inland_flood,region_3,274.8174993905483,10292,25.139565161155335,120.18924440077495,24.57689080357013,1881.764507060248,1.5087061027224613,0.13171543729047175,0.41323972043253104,0.45352807477828483,0.4228980376609322,0.43270497804757746,20.999267059646538
842,coastal_mod,region_3,255.0787155407939,79320,41.5220655399625,32.30955382211822,7.406419696239342,1998.569742553549,0.9399935684367761,0.23882758425872885,0.550511599182219,0.41609640513492807,0.492996439942913,0.40530656186053465,18.18719389522785
843,coastal_mod,region_2,289.37436133089335,40120,23.78012998600894,25.821876046579646,2.520029764381296,2106.027790973782,2.006919328183403,0.10904298570547089,0.5484570537646717,0.5189938743264453,0.38238252826088226,0.40458941993404735,17.692761122676703
844,coastal_high,region_5,139.64999915071724,14658,17.619931094997916,33.61707379169399,0.8261303321902208,2767.338929181163,2.2866629150077267,0.14007094470083456,0.4347487117141183,0.3782986017381391,0.2744611502861107,0.2623033629943797,14.462414026501099
845,mountain,region_3,14.24204922992831,4335,36.93395326228269,1210.0607410402652,42.12059651011003,2486.405345315288,1.1958714849053778,0.6926806915518552,0.46877179951059356,0.49126678786267264,0.5535705229182604,0.3815726308818055,31.992951590853544
846,coastal_mod,region_4,25.06860964454347,35754,48.31670328320111,26.29385049227067,4.618825672772643,2186.0490934114046,1.6604998451990693,0.1691932367063549,0.3869626852991873,0.48353932567420965,0.32599326550640706,0.40589290405717804,17.901185386126766
847,inland_flood,region_2,117.08284253170295,14619,28.445750328555846,14.17543061690266,35.939207323376806,1786.573574615054,1.1850877531798107,0.2145433207668867,0.35766775909926996,0.2818208600639753,0.163550175997483,0.2654921250784251,10.860559253977513
848,coastal_high,region_4,77.30612738189919,31181,39.008088987111975,44.37223716009298,2.528559246635334,2292.3306104300095,2.698549539742956,0.07378786299384503,0.5445082123529696,0.47024635357329325,0.534788248161921,0.5132762751002352,31.660139862181932
849,urban,region_2,50.9821774083202,575700,16.548933441887815,40.88990564266716,10.24150175440223,1961.7377152260808,0.9752749934569656,0.08330086086506924,0.7090763671943218,0.6327668774393753,0.5995682879876028,0.7102771407714124,39.211161364739596
850,coastal_high,region_4,285.9611323525946,18512,47.26416570810549,3.6332571896907973,0.01174471742822003,2784.110284864286,2.1530864866664774,0.22439228143893397,0.5566232134525442,0.5026343840992832,0.5123493522655258,0.5081461308581559,29.62277170647946
851,coastal_high,region_1,58.62587652318674,39425,54.81353894175457,72.34857682650998,1.6970238349980855,2864.9039503081613,1.944145926249776,0.1878735939248461,0.6474411255907573,0.43411083203205325,0.6816496131129224,0.6451521699483375,44.793446449276395
852,mountain,region_1,287.8137816945693,23368,41.68042519507246,138.22854294409592,57.820161218367495,2798.5220984490093,0.3911761406902853,0.6893623710406688,0.5337518693640553,0.38892198525674515,0.3063148875590337,0.3900119689604761,28.562859543387667
853,mountain,region_2,228.25165209636214,20500,29.159993701374386,525.4313306442837,31.844054403335992,2399.266553230596,0.7016276644325329,0.7942162016726034,0.280629812968695,0.21918081759768146,0.2053863183194587,0.16928485280857666,9.256359937738406
854,coastal_high,region_3,192.28370163756705,31456,34.43518209010046,13.876270246843118,1.8581014889623377,2753.4247763671297,2.7617643334671467,0.08198259651887355,0.588660381909266,0.3800671821360883,0.4768642593873929,0.4177376177721792,24.652438223791247
855,coastal_mod,region_4,202.8056880268135,17481,46.36390269581844,26.61408217098676,1.639314881643414,2141.042253290981,1.3479599907746855,0.1970095546975794,0.3584704744395499,0.3094110929129234,0.42686965454777925,0.5184421581647185,19.99102344553347
856,inland_flood,region_2,99.4422970977372,4487,21.75423868184594,41.45371106508278,73.97814859719375,1477.3106027214894,1.5950547140000677,0.14728726379454068,0.4921884052279923,0.4806468073769972,0.4773493842675775,0.559711152157665,31.019183690645885
857,mountain,region_1,193.92811141748464,3825,41.89540857912288,337.82260597995617,98.8056889144004,2292.036605230301,1.5257481490329612,0.7360249970838373,0.449578211426523,0.3160859712113095,0.5361337042938368,0.44888021957346114,25.426237769641048
858,coastal_mod,region_2,56.00763548437959,28415,24.133447876786732,47.58387598967929,1.6734808777602899,2068.635681124787,2.2985391091088245,0.0314449566119227,0.5266586273714723,0.5276309952955713,0.4332240617806138,0.49508524982500757,28.9908585314301
859,coastal_mod,region_3,281.31162976079383,19726,10.047933550083366,82.63069577964933,7.833019517497932,1836.334178449832,1.9716479057294918,0.13835850314105935,0.4364585359446841,0.35451958153461416,0.39119956321973015,0.21836719235342014,15.34473380161057
860,inland_flood,region_3,90.53800198817807,19147,22.396918690787096,75.3737926011524,52.786493996666934,1829.7817472741588,1.7074395596001422,0.1881111100922152,0.3891883102311714,0.22883360696535932,0.4309300793792804,0.339111682356101,15.117781038548967
861,inland_flood,region_4,76.55595368806264,41415,29.54400363129062,85.09418014351448,29.928330327582515,2040.5274242872933,1.0975502623167173,0.14826870999386266,0.5156416512199897,0.310357626447822,0.3795349883095185,0.3604823890438533,8.143506120556296
862,inland_flood,region_2,213.34883945824726,6975,48.95250263605633,52.63896189904052,51.03453021014444,1660.0259642944773,1.068498470106002,0.2136527112721015,0.521171542367601,0.555900147554152,0.5904334042431373,0.5489783820055408,28.02087140357941
863,coastal_mod,region_4,196.93461541985457,18234,34.38125469415973,45.76129435763759,7.674792465784794,1951.2250850044668,1.488451808364605,0.2118620724321202,0.3929203999661756,0.37398936760433643,0.31121309409462095,0.35389126808222915,21.964033096262376
864,coastal_high,region_4,135.3896755029916,43038,36.06984931991564,33.65912554272311,1.2726306925266564,3219.160806221087,2.200018661383109,0.10263952243893046,0.5794398517210003,0.40417195502744807,0.5235552457004436,0.4184346150063256,29.83681666927298
865,mountain,region_4,189.73387040723588,5251,51.74330966162701,1669.3534824094522,81.04146142736856,1598.6468370598468,0.9448989405502629,0.7693553892366596,0.5451498032726443,0.4430104823774561,0.4870984170779906,0.4951489909734949,33.05419363048028
866,mountain,region_3,47.84792152825684,35894,39.177518541364634,580.9821621494768,85.33520666697584,2308.4089201964475,1.1256547695460255,0.6601658657086612,0.5598444940512718,0.4658024817148307,0.43539810908524235,0.47517132772786586,34.249458156641
867,inland_flood,region_5,201.9984922205865,37304,19.041487242808646,34.614637451872625,36.80621306926933,1650.1071902707745,0.8602546434110384,0.15328459167388506,0.4716074849668151,0.3737687260505933,0.40906855205709586,0.45966028253224483,16.70082335500016
868,coastal_high,region_2,81.18320855855816,47151,31.371408834208353,2.2863241462158044,0.48535083913095456,2299.345280869556,1.786712728657387,0.18284497421219373,0.3655667388505561,0.30617645744995914,0.38056954181201597,0.46404352296605095,18.631116462297552
869,coastal_high,region_4,81.8507930029372,182555,35.23420069982353,86.52426014980188,1.736783110105279,2520.9051081527546,2.3090856392717583,0.10969519445761039,0.46610878638612546,0.4024571801434798,0.5179223776773872,0.5359002986356628,19.209296415881276
870,inland_flood,region_1,48.65398048313537,5436,47.285867945834276,221.18388131638835,73.65201180305309,1703.7271632113693,0.7921585497025551,0.19307685502978542,0.5496437202781994,0.5470840882917133,0.636648542356037,0.6212138373085686,41.691163664508124
871,coastal_high,region_1,99.71314051084939,36063,30.013435025081087,24.04876634367431,2.2071892257042585,2829.572246146571,2.023217950758599,0.1251378255362516,0.3981124258289456,0.3521150056930631,0.2578144757358983,0.25322370662252613,15.507237902996037
872,urban,region_5,99.37531809339843,334302,16.18814935319263,33.45402908104362,1.4428111145632712,2505.345185931724,1.2571740309057486,0.12152936811825898,0.6217803800427348,0.5923689369165999,0.47812798775958754,0.47853534574604384,29.805676880574225
873,coastal_mod,region_3,136.2537035106808,10597,29.336540243379634,114.86828458847474,3.206791808443424,2494.587347635956,1.2883570341398374,0.18726994799877547,0.5199722358408517,0.34477563011227547,0.3920911549014665,0.3325553845390839,24.26085845552559
874,inland_flood,region_4,57.125851399904846,22938,35.33466853383098,23.202982249315397,20.317752794330126,2307.3839353162602,1.3330127477550078,0.10859270044178936,0.4429357755909181,0.3409080451201962,0.2959582969290438,0.31578020944397583,19.758224235336677
875,mountain,region_4,57.9022608476299,3655,56.588118164868284,474.2996791268496,66.95284630644917,1710.132160485593,0.8499775381429969,0.6636578901710095,0.49410547210663364,0.3944513130930964,0.3726799645606478,0.4135719572353746,20.12468470016193
876,coastal_mod,region_4,162.5215714989685,38270,38.624972290074204,119.6337541019033,5.355012740912687,2114.925142363303,1.748134891363015,0.2040755764905519,0.48698576606501415,0.48132816772674736,0.4682525763625852,0.5560987233754839,34.14240679876508
877,coastal_high,region_2,38.66322140114254,94094,33.18498627311161,19.57818080328431,0.8707028504730306,2786.968426941373,2.261804874682646,0.15575806836379633,0.614953217009703,0.558337912686694,0.5201824042802259,0.5512992919840995,35.027472461760574
878,inland_flood,region_1,206.66910239665054,22423,45.79336395768126,27.826072649589584,70.43349914570999,2261.357274234361,0.9734412994192989,0.0777633471243323,0.5508671671087428,0.492670329531732,0.5131321498818581,0.5550819303603941,28.63807918379467
879,coastal_mod,region_1,283.18413775877895,5002,18.235630368285708,58.46614638352764,3.8190737083256927,2813.673547413439,1.447466145886038,0.19376817438380253,0.5492503527148199,0.5810037365122412,0.5147479863945306,0.6808201253362237,36.20724898364175
880,coastal_mod,region_5,128.03868649931346,10163,27.61603077739039,24.328077473412744,5.353345302719539,2574.1638570701307,1.0125110407937798,0.13008026216694796,0.4972234193693814,0.478633660562596,0.25274150824251207,0.41828126810454413,20.816734440545627
881,inland_flood,region_2,270.33159394520305,28332,42.08855927198189,169.850758916607,73.031913396889,2268.9465871021653,1.1014231568412087,0.08271408077526907,0.47142226720952235,0.3389331455578996,0.2347685677154317,0.3986415289592759,14.93567064837171
882,mountain,region_3,29.49497733775933,10087,47.37014900436438,1091.5794143573085,111.93723703793073,3716.7977902696803,1.1547567888944883,0.5930451161040456,0.43708586440083624,0.3190806818688036,0.38313566945893357,0.323580329266505,24.617504718212267
883,coastal_mod,region_3,12.88728821269337,2552,26.24630167995595,25.150493914902945,7.178609634283782,2233.7081785625537,1.6972551280538672,0.195594909723623,0.48680726128253393,0.39678478522743144,0.4420356607690127,0.4630636269368144,23.759474152873675
884,coastal_high,region_1,216.41066325415198,111140,30.58125617976814,15.787038443540371,2.424196067775912,2484.3766247033723,1.7943477743866398,0.10727036505378312,0.5189560888460288,0.5518804085394147,0.39589076087282565,0.5114788238814397,37.770054734594225
885,coastal_mod,region_3,228.30647189444895,24571,18.547657407632435,56.47732005907081,4.536513963155124,2262.075266281157,0.944305939327107,0.08876032282947799,0.49421790060894927,0.4209432777754998,0.5129675640983605,0.407719646670102,21.50035735440504
886,coastal_mod,region_1,252.9174722897254,11438,31.025798932633254,35.842381057956366,2.377864800139795,1879.7315355096198,1.238954442475749,0.18257466858332425,0.327818768171359,0.2760822708427449,0.3154846615527113,0.3179535193282905,6.731607614838101
887,coastal_high,region_1,17.045303519994427,88917,26.506693047049435,19.34086176529899,0.8944272139540683,2627.053514307123,2.6153987073978637,0.19061578789742745,0.36666340702775263,0.3685113776010154,0.34255517568360966,0.2851452856269412,23.131681258621896
888,coastal_high,region_1,233.07211648704913,19736,28.72571516495524,42.8551399472855,2.6259932695750683,1909.2591224890073,2.266292618074074,0.1113676561776197,0.519249195341533,0.45557088390908207,0.4615552722149317,0.4397294626660289,24.539969957830394
889,inland_flood,region_5,112.96161983897454,10396,34.58489315417771,185.4842052137185,23.23305378431011,1841.1442890296585,0.7675914280755394,0.1987604585673013,0.6206816431059866,0.5743471058455287,0.536779200029229,0.5907605916182173,39.07393497889738
890,coastal_high,region_3,91.00128980465958,50137,60.259599915579145,38.77123229221182,2.824310544290472,2553.8664471737634,1.7641181599208862,0.2533985718980364,0.49924669162068325,0.2937156780501729,0.2371161842963142,0.2718142220159121,12.569012099716364
891,urban,region_5,51.90717640298907,781228,21.609160823366075,18.189961939658797,4.905897002882664,2384.890587255913,1.0948032086639152,0.21763996025015575,0.6613991491138842,0.6435769201435098,0.6526603078450861,0.5259637861349442,36.41322034298333
892,coastal_high,region_3,298.8047265307581,156565,38.49628858425907,9.8647409073002,2.216613179440216,3044.4362177545445,1.9745346614460768,0.2097192360850285,0.44060574867972185,0.4318365160752305,0.509159583171235,0.45650669617839595,30.081335629828082
893,coastal_high,region_2,19.099076795659087,50198,17.991166824112096,41.131577801286724,0.9900892579123448,2214.5531740995675,2.480685315593577,0.16640019215967242,0.5461380972547787,0.33703420453514926,0.2635585334670495,0.37551661279693327,14.210410718865514
894,inland_flood,region_4,248.10240438239984,26105,31.496175062151384,103.24569819927453,77.19808335398963,2622.8100301890777,1.3037632748161132,0.1295554589340609,0.4911683916949711,0.28001648040099736,0.3781446625216125,0.4475510584100818,13.360878369182789
895,mountain,region_5,191.84833064715826,20178,69.69601427119555,730.086692477726,34.37688361880709,2474.186739219751,0.5850294383427191,0.709519532308632,0.31844675791266397,0.35306084987881087,0.38515701886276904,0.3199699421357726,27.254026153050447
896,coastal_high,region_3,220.52413327856013,11716,33.88520956201999,21.833160468288682,1.0599566299209493,2696.017986412308,2.4259498184744803,0.17240532403320297,0.3424939862504675,0.37871977722199357,0.2960407754205038,0.3555918845813173,13.777968994093177
897,coastal_high,region_1,213.51513597653891,64843,46.77440210740381,14.315548969577083,2.6023831410817326,1952.9226060046692,2.3952270696026288,0.08736585189656422,0.32685079983971094,0.23570412072218802,0.38440754816449635,0.31204265509708773,14.861903322869264
898,coastal_high,region_2,257.53034552195476,18757,36.37655093115395,10.079506944615094,0.8221696174109211,2351.977043951977,1.8460957555711206,0.11170090824555755,0.4498928640987642,0.26505654557173275,0.45330861929648847,0.2992242452051801,20.328770260099454
899,coastal_mod,region_5,55.13762095683249,28418,37.668444759592965,25.54996263057543,2.2049558127462063,2567.4383340363675,1.3748543903516295,0.07904342526772185,0.43041316149904385,0.5200892840750809,0.4831974017117333,0.5479034356359379,29.9239635862989
900,coastal_mod,region_3,0.24738505040561298,18361,43.033693192018376,2.6254544584234756,7.19001452854893,2259.4224619495844,1.502245996447225,0.1618036127227851,0.4761587823019916,0.38359914766138653,0.40278338484543885,0.45474685085261674,20.689710747732406
901,coastal_high,region_5,179.55854671297985,57016,48.00611562556195,55.851555369177724,2.4917467595177567,2643.1258905011496,2.248970625615208,0.1550947032016709,0.5055656967901121,0.48943102683447465,0.3916014461385663,0.45218236759923996,29.147016450465348
902,coastal_high,region_3,106.15759179700018,40388,15.212283201988077,7.3520795977467195,0.3173135858891677,2690.868868230192,1.6868376769574334,0.11748856884257036,0.36223791957302,0.5156546087352968,0.42524477808179645,0.49483449385830947,35.50153184918695
903,coastal_mod,region_1,37.136199335141306,1884,12.295104719831878,40.7322074189557,4.641439278954773,1694.878493219883,1.4393547363549855,0.19171196043570057,0.5921774825616642,0.4495746757192682,0.45787378470936796,0.5006697143754821,30.452136882177513
904,urban,region_5,55.841626231271654,298741,14.263233513300227,3.7450519389063364,3.3509278250988834,2071.0174339795535,1.490879467429503,0.0978331467385633,0.6203277813061464,0.5139460748544589,0.5530522383169191,0.543048410017298,30.957800383475103
905,inland_flood,region_4,99.52479373776687,30143,53.50465936876459,100.82323598018193,32.90829630589148,2422.4991065892864,1.473878250660257,0.11720877431414445,0.45296693807919663,0.402635852697138,0.5580859060790146,0.4330318014239016,28.329997680105656
906,coastal_mod,region_4,21.07001126601097,31468,38.265169271674495,76.7793744496452,4.9232318952285,2580.347667722923,1.1993626399558555,0.19032130545065862,0.43824443944982655,0.37651984118431936,0.5275499838820941,0.4449003941359878,27.06214894329702
907,coastal_high,region_5,17.073960638535258,33112,38.6197586345161,26.138112355734727,0.37159849249503785,2549.9202231537606,2.0363640530413325,0.19688164131173852,0.4022344020235983,0.3810020484959424,0.43114939278085107,0.4027975647870835,21.683315091480985
908,coastal_high,region_1,274.80787644973327,159204,30.395209908882926,23.348730391532236,1.409337003008928,3225.467469744622,2.137339970238217,0.1106074957171733,0.33546329725359847,0.45633589347866393,0.2709975402099283,0.4831396726365275,22.525171734091774
909,coastal_high,region_5,93.63082480610886,48061,34.85552909038403,14.267464184926983,0.76746520278864,2096.3605972926425,2.287364776395067,0.1618427690557953,0.5051814691898703,0.4812359208027427,0.3734483161910029,0.6348280788410484,28.369004750500117
910,inland_flood,region_2,294.66920924207545,25594,22.236159781138877,146.4609082994664,71.23534835464145,1708.4907005431219,1.0291053302868565,0.11352988631719133,0.5976717545346996,0.5364483597470469,0.6261057207191161,0.5635527956835976,33.51279306488069
911,mountain,region_5,289.31010249912,25337,74.28775358914002,234.60886946916244,96.53930788417584,3331.8111885786534,1.0812923963901273,0.6940899984680987,0.4473636950500034,0.37412888740999084,0.5816031200952746,0.533705374779856,40.176737963608865
912,mountain,region_1,42.77138469813414,13716,33.55175443947057,691.994961495961,55.81305975139382,2688.9865591542616,0.5624440373354573,0.7188632394672096,0.5256416300774399,0.40942810194639917,0.47594294537405807,0.3893335659566878,30.304721114570004
913,urban,region_3,214.47729086885727,156559,10.783854308291284,17.169027625280897,13.89698479082708,2013.3337973693058,1.4190561067889647,0.17830788729464736,0.572017137987616,0.5367752766788371,0.49085021970344833,0.575367813691513,21.15972818885797
914,urban,region_4,180.24146673812075,62130,16.14133018533109,16.653183848106693,12.343447956101276,2083.404430189426,1.0773353859323038,0.1661588276711385,0.698748286077693,0.6005661516447656,0.7488012587904535,0.6872099645354491,48.2034980476412
915,urban,region_1,207.19412193154608,201536,32.40316828724714,71.92557375782361,3.979383455488705,1858.0106660618449,1.2569998293833264,0.16487123274780646,0.5740213542755562,0.6096230224558213,0.5907105428724307,0.5138879939130414,27.877722547365188
916,coastal_high,region_1,28.857300004342434,72030,47.64345119751479,22.25131894333556,2.8831527234123353,2710.637040722978,2.712404088176862,0.09645037976598023,0.6159923221891047,0.5326050899583097,0.6300335498946484,0.6178671048979908,37.225756787968876
917,coastal_high,region_5,56.56802359036741,26428,54.494179011495845,14.172564896781484,0.8032167514261384,2678.9553785245885,1.7805271573701975,0.16965287018755373,0.5472763641005329,0.4433504307426315,0.32227029330795803,0.4607463603992553,32.570474084131746
918,coastal_high,region_1,22.99159843526445,74686,29.149580186185243,31.39975560783875,0.8779293661409292,2607.953883945076,2.116159759468189,0.17808286412980862,0.3690750347317863,0.28931099803321225,0.3298683505290189,0.2551745769993717,9.934686967451317
919,coastal_mod,region_4,181.24026156512136,24809,41.48879382252398,49.21773293106415,3.0877068344382224,1794.0853246761164,1.0176062683068126,0.18527684578517828,0.48580460985470303,0.3115215247255225,0.4768116305746085,0.434199915410562,17.738878323569697
920,coastal_high,region_5,295.9773227547273,115758,35.63413496200252,45.494737082932495,0.4944156613637024,2705.902444427564,2.245920392365532,0.11479131727615005,0.5348559864619975,0.473687620831541,0.48331972392210726,0.5157754063519703,26.394521582841712
921,mountain,region_4,201.59536129738242,7587,47.64298688260275,1356.7041219546174,112.44193664553215,2135.244283788984,1.2144698746170053,0.7686618108226319,0.4205863750207486,0.30968982420897256,0.3964851432689226,0.3965382949022931,17.707533052173048
922,inland_flood,region_3,213.2284605065789,26215,19.37600322313548,61.468624399362575,53.44023954966762,1704.2068218532436,1.050896535653281,0.08517500296264724,0.5944675458735187,0.41916822335568005,0.4630021561879105,0.4402241494288992,22.89041368140127
923,coastal_mod,region_3,295.3755124629843,33014,40.40130041760988,40.48817794542011,7.155699852415386,2643.3598720380764,1.364985243999301,0.12914197659896814,0.4091978994849141,0.24855571385905673,0.3737276848308513,0.3151571481257107,16.91506834760028
924,coastal_high,region_4,203.40346625153884,140286,64.52032394223356,32.84931592578613,0.7226256769395996,3467.8885431341037,2.5985206987156158,0.13677809112240158,0.4878122561072459,0.5336539011439508,0.5526712150212204,0.4913364101622388,27.23025325592063
925,coastal_high,region_3,12.054471788541099,7816,29.366821041698177,11.208389657738758,0.5106926597975981,3377.0480515278546,2.2991507304316436,0.08706859053466559,0.3675169258488872,0.33212729697146537,0.2916325586456019,0.3752722978326652,17.95611968297167
926,coastal_high,region_3,260.1016802569793,24038,22.23665296903491,29.07976186328936,1.075870178038589,2860.0491055049138,2.445869816893543,0.13595491636760396,0.4980930334070821,0.4611177376044605,0.3597309211311196,0.44983833343175306,23.437906114650048
927,mountain,region_1,109.40348711363889,21240,76.23040214273513,2740.1362180405827,47.53304202097064,2267.207460460405,1.1145772160535405,0.7572899067740504,0.4473463491387164,0.4523038368513898,0.39260137501530695,0.404956692171052,27.191545625329205
928,coastal_mod,region_4,1.3090864544146097,75865,43.53504612469848,43.590741757774396,7.569208225332881,2175.3755460883826,0.5371278787529716,0.05944660387007465,0.5564582700956101,0.6169825902993668,0.5630677535387806,0.6421418757403387,33.5604634669992
929,inland_flood,region_4,152.17025326824617,21852,41.384423339903414,49.72110515277891,63.0468018121645,2121.6806790386822,0.9769993583137154,0.1311041901010992,0.533504921560369,0.352256146199049,0.283858052284105,0.3222519782756386,23.538456581951216
930,coastal_high,region_4,281.10450026287907,27905,56.07611428828794,18.45358804092778,2.38857496394749,2431.9008990155244,1.8765776593355945,0.06289119647587592,0.47724378245292043,0.23706854173812436,0.34955485815595744,0.25491700782654686,15.776173444441447
931,coastal_mod,region_1,77.19920615849496,40364,46.78286062418632,53.13326933367215,5.9843489869767055,2661.5835210428386,1.1512049317529414,0.2529730989676332,0.4849275517711187,0.4799509065496238,0.43196144961459865,0.4617337299316849,22.13759861639529
932,coastal_mod,region_4,147.45395191585197,44132,26.618728453392475,46.52285244050885,1.942553398181495,1487.4953769850115,1.8423758321975878,0.16140922756151474,0.3975555484743451,0.4010778731517199,0.44578929157508856,0.32292152686402775,15.379178461727356
933,inland_flood,region_4,52.13306633471723,13524,20.980350618407307,104.19355506888127,28.439398281214192,1911.28233380377,0.8875583364032223,0.15804882020632616,0.6483948380496927,0.49697363489697194,0.39314775845135597,0.49755323088473186,27.56522784801889
934,inland_flood,region_1,17.30780149993203,23488,49.963294290919855,39.87753010835142,45.766014980566936,2240.321447620196,1.5677704587418022,0.16227625553645042,0.42658521723658693,0.35453392418611857,0.368849635388116,0.39487511008272363,16.35188556133097
935,coastal_high,region_5,24.163484013933957,105079,29.028587013350705,21.275304418021857,2.487057365323444,2261.9361410880715,1.7776934739187435,0.18058486643264646,0.5106582606623625,0.45823605226184466,0.5230432191461428,0.5480128616575358,30.010471055988344
936,mountain,region_3,218.10327178840663,54252,29.88506320608508,1747.948756175998,69.66183943209222,2279.9255544110833,0.5748987659167897,0.778389107804149,0.40344040736117515,0.3695340662152612,0.3639000125486324,0.48436688101265835,22.8984251394571
937,coastal_high,region_3,259.22234122264473,70851,57.94108788607293,46.11040055961867,0.028688826684942992,2837.457366497281,2.4287051982855914,0.0726000137517408,0.4519771891547163,0.39487104591280164,0.4477919067430902,0.4970228335639136,27.238212000083763
938,mountain,region_4,42.989651775747326,10298,30.897863696215776,1854.53590428809,109.20728425457646,3159.134553518898,0.7975885440724475,0.7967879721708928,0.37528635449221476,0.38348165948534385,0.3865130343457439,0.3819369068574544,21.878119716701264
939,coastal_high,region_3,86.49557034314061,34590,34.705564248406176,40.548487732073795,0.6001892125594923,2082.424687133502,2.292198200980315,0.21297516620282142,0.434897683427459,0.3244507079408484,0.4009679372652133,0.3090553440602247,18.549806363768333
940,coastal_high,region_3,58.508840293448195,59973,56.43342378795684,41.51379112025923,1.62850548717492,2052.770204898056,2.1663079520890753,0.14738285202093984,0.38743718641623853,0.39066378116663886,0.3677958666612006,0.31199879083694915,16.432641091240104
941,mountain,region_2,8.05673307792838,8918,22.77087380859503,1161.6546176691816,31.785606003074264,1926.9849060800796,0.8572271286101977,0.7136563390121827,0.3544235849143425,0.29877854402564125,0.28622434886111264,0.29027227836963476,9.962143453454491
942,coastal_high,region_5,166.02941096609507,43074,56.630638668416246,7.080791262629771,1.5265495668647318,1984.985659796736,2.108729179380377,0.0,0.45312833371334393,0.42759497276841446,0.4926965855906475,0.485818719814332,19.399156275952507
943,coastal_mod,region_5,209.97665104129428,9449,23.005318164642183,12.960599709895737,3.148867886137677,1686.7675406059855,1.4538480081223208,0.08801903878720685,0.44884737892621207,0.436699326744606,0.4879250564405224,0.5000187564134572,25.50401037776011
944,coastal_mod,region_1,194.36324426552113,62171,38.991101566190586,42.96316564223982,7.043295895861602,1859.5685808068547,1.5924914862583708,0.17666709191040708,0.5718028187585367,0.46314017664704155,0.37964616752774216,0.3841883150097301,24.443813050236674
945,coastal_high,region_4,116.41606419067429,13014,51.456123027712685,26.63297004314681,2.16544139833209,3093.3974192983965,2.684326645291743,0.21048007202136199,0.4526049783813605,0.409410387019126,0.42986962345213925,0.37833632800037237,17.167506704291625
946,inland_flood,region_1,166.5030737819716,12763,38.887617225079,32.648831302635244,22.161689294173733,1906.3769545793728,0.9392462393971547,0.18699250991635247,0.5225620021464097,0.48504280107107545,0.44728288041153114,0.4271736619980441,25.804390876502676
947,mountain,region_2,28.229791990867405,10805,53.84641686862176,517.193086484401,124.74268759665922,2415.6875530783036,0.7819085113092373,0.7049373618858479,0.5224862716148201,0.47644348138698717,0.4683105946153008,0.4884220262934628,31.97947641335406
948,mountain,region_5,46.291115616805335,59390,48.85923567382427,917.572603911276,124.94729452507929,1922.2678716229107,0.7432615330622604,0.8117696568746001,0.2893987284241134,0.34765019402701514,0.31847057745679097,0.4132457886041854,19.579498378733238
949,coastal_high,region_1,279.538385865895,24824,26.958383747223948,94.98494095515092,1.9902286449993445,2853.414830025833,2.64093515650975,0.2018608189157195,0.4536723356427837,0.401489862889596,0.4859071597199718,0.3752440049539266,21.654531733401367
950,coastal_mod,region_2,228.45232434596906,12928,56.05790200586838,17.287525936049658,7.434373887229295,2856.51740974147,1.6070974691341453,0.13060025504040731,0.4680195325826153,0.5748788902970792,0.6041105872646508,0.6540960617327344,26.602180833591124
951,coastal_high,region_2,276.8217287475502,22120,26.17044407423592,17.88436258408573,2.409760582998408,2244.9480463842315,1.630289972068549,0.2594071749798391,0.3936495792300921,0.22246232176725944,0.3080189775141292,0.3286641747719372,10.398133255351436
952,coastal_high,region_4,275.00408534981017,161620,56.091743521974735,45.44395904442018,0.6566959938058629,3289.8993484298935,1.6170637891610857,0.09595810807855759,0.4610694232451298,0.38475188673849664,0.4869074773046734,0.3633229224187844,20.857579325798593
953,coastal_high,region_3,194.8177851323222,2889,40.67263956105451,39.908254479476874,1.1446376550729676,2745.769753267138,1.9509826361505747,0.0770810921319775,0.5054000968121238,0.43414631149233257,0.46431950618813295,0.4846482265640151,29.39025234568654
954,mountain,region_3,278.47159443364956,4013,67.12249117768955,1228.020480883507,71.9907866923648,2408.4317496443555,0.9690436332163124,0.6996568483647299,0.6049702852976684,0.502676518841468,0.6188511801312058,0.5523035142758683,36.265483117881345
955,mountain,region_5,125.01123092473895,115631,37.700018306439006,170.6522526481845,90.58893797272844,2600.0619161626205,0.8899589582343929,0.6649462570572449,0.24464007730594273,0.24793671736299486,0.24458290164679417,0.1830313057059193,11.994709356692372
956,inland_flood,region_3,1.0848734354822809,28932,33.43201502269289,54.30369590051808,77.22281721185811,2117.1579496901045,1.1544335655531042,0.13266931975099866,0.3465053798012314,0.23901679093709885,0.26574515183888064,0.2785109616444927,15.117005479140504
957,coastal_mod,region_4,18.771334753847814,9092,53.68697475453664,130.805966155489,4.924786947582494,2849.9865466721353,1.347366967345016,0.19211074278790885,0.6170187106749738,0.6759983575272085,0.6837276916673481,0.5907669265608456,38.08156761922615
958,coastal_mod,region_1,32.84619771024456,21300,33.887569657416975,20.93251650266982,2.5035124753610303,2382.0772561376034,1.8192256314136825,0.14865407477086864,0.5291834749659761,0.39371025088868133,0.42604243487791243,0.42066634556998855,29.49992259633069
959,coastal_mod,region_2,28.60603595485808,23247,40.660755988923285,20.23797176625753,7.532141907083509,2389.38750989934,1.6316334136322046,0.1499265005951766,0.3446368856681643,0.27298116192058175,0.28125601839305775,0.28739607457276845,9.308940145562058
960,coastal_mod,region_5,105.51071725507903,43342,50.69306965250421,110.79702683186045,5.602171782637577,2052.4750630131093,1.4232729821347057,0.15480947272379167,0.5134794269501902,0.32591972952014,0.302841493668974,0.29387800257389535,15.146311999094678
961,coastal_mod,region_5,210.3812421328073,95951,56.60493932724481,38.170683392219765,2.128644187856027,2493.6769977625413,1.7436018291602315,0.03502752217730305,0.6284315843311126,0.5182855434304614,0.5843966887612863,0.4591419173175243,32.37993569370768
962,coastal_high,region_4,237.1946419801485,51518,45.87425180878624,4.641504989809488,2.7195383064066885,2217.2612105508056,1.705328132705434,0.07431525945296334,0.3976319908117255,0.34253072590039996,0.382010358563158,0.20033117323243937,12.065143912805105
963,coastal_high,region_2,177.0639823033874,22341,22.914770799782275,9.206909850603449,1.032638693408297,2643.6015958318376,2.174477586200433,0.13088972290139017,0.3841856579860305,0.4291526491574129,0.42524009436655946,0.5163448559118606,20.605569918164967
964,urban,region_1,43.93085236709386,430305,14.60447339404301,20.36890130438113,7.743169133767263,2964.9850667342484,1.3412536918383957,0.1081971072009443,0.5540640170885304,0.5550542210341728,0.4224046182631913,0.4761336982575569,25.261953625338897
965,coastal_mod,region_5,224.37048064445258,12599,11.56190543476588,49.379580880587085,3.833782765518004,1323.533528123798,1.5806109499857528,0.13924347469377255,0.4575398636295703,0.3193335781737608,0.3602902533009273,0.3866226487013811,16.966068751211605
966,urban,region_4,106.44057574127969,144350,19.113017764018295,27.973636110037997,13.854463099487806,2169.9440989006353,0.7854501991514139,0.22067822971419343,0.5557365692803398,0.5453743199246678,0.4942810857378338,0.49122346654663296,27.12349700184185
967,coastal_high,region_2,3.8980046015388736,7450,44.40869313243954,11.66978492718308,0.7969900782029532,2708.6491683515587,2.1218779279376556,0.1464743508046284,0.5329372000420269,0.39558979306018816,0.3489385090255891,0.4563352091024668,22.05390809468654
968,coastal_mod,region_3,84.17658615982481,6297,6.426318699547284,35.35965082842179,2.6664539749305014,2120.1688351294792,1.5201382389053222,0.08448797432234674,0.4684589903980234,0.41707827062353653,0.3763410707820426,0.47764396219338867,25.607181826046887
969,coastal_high,region_4,99.18016624229337,16207,24.296069705090428,12.55174206656486,1.9804805500119298,2518.1922955730274,2.343148637919201,0.11055671163307083,0.6346254298301981,0.5512984708154677,0.5262085552476538,0.5567996852291879,32.11865457065862
970,coastal_high,region_3,82.27366056543087,12581,37.75170234515548,81.53814141088404,2.6598471087410616,2636.5639092645933,2.5558389524362606,0.2369040392748889,0.5737795377990034,0.4182180535165008,0.4665214397987574,0.6394592633787624,36.340327246947304
971,coastal_high,region_5,243.56104595627568,48142,27.223273768185503,8.742046332766582,0.34465227200656057,2499.1986898141877,2.4284515997220235,0.22677214423496103,0.5544349684814706,0.610391710819608,0.5283453156335569,0.5488204790110462,32.33564484305987
972,coastal_high,region_1,227.9779192782271,12339,43.78076788322894,16.92949686268773,0.6296505567163636,2688.7918915284017,2.1817461851883877,0.1800794091471986,0.5011819884261223,0.38961862572888845,0.2903014936503217,0.4445357855620201,23.194026131763643
973,mountain,region_2,208.66560912379245,584,46.04452267160312,600.3980040588277,143.76413789810755,2156.1946470915505,1.1024921246846264,0.6320023177522014,0.5216360793160801,0.31979104551919385,0.5008732843471326,0.46739381407006275,27.685750178587437
974,coastal_high,region_1,41.701523553679586,14192,44.43583324797065,15.21624903441367,2.3318913132132915,3408.9571274988316,2.1395909093336103,0.16559688802966321,0.4530147626125377,0.29944050657474275,0.3105981876088359,0.2741808939890329,22.394509572748102
975,inland_flood,region_4,242.35017291188458,12363,26.621100561094437,25.83675793243244,40.76418604927298,1924.3958770107945,1.044032185828856,0.16962062453968296,0.577554241346338,0.5602432511773424,0.6073429226124802,0.6014744448741222,35.39361765782224
976,coastal_mod,region_4,203.15278849899713,13570,47.92743807431837,105.15260291114457,2.8610784646370258,2399.3639926686506,1.6384407050442087,0.15305054198845658,0.5138768539779841,0.467843354082088,0.5138182577406688,0.417636167223942,30.857403578442142
977,coastal_mod,region_5,58.45130594441756,74281,27.96386028444565,166.37986299495722,3.7562709653306836,1965.8373650548742,1.3864097620435871,0.1243056539256806,0.4648716573703361,0.365574718119391,0.4921192526979772,0.4771692292971962,28.572502346329472
978,coastal_mod,region_3,194.4281790844549,13482,47.72236028173123,53.885545479492905,5.3903959980215514,2526.6000606404014,1.5085969038595513,0.132777295646432,0.3369210734204757,0.3901159916409821,0.31735697494224,0.36484799404732376,14.28308370946018
979,coastal_high,region_1,145.0534923011043,80244,24.98194823536049,30.315276941593783,1.683123313954098,2893.387114940534,2.488392630795104,0.11852556010707072,0.5708822380756398,0.5034732805711132,0.4939272196964848,0.5666140408888386,30.433056343303676
980,urban,region_3,131.8050185568675,265298,39.64581316822129,7.532842526448386,11.641799287476816,2225.778070959651,1.513649458221716,0.09287335299334037,0.5396295297948992,0.5312410132103847,0.4544128107586163,0.44890418527704307,20.241410051832624
981,mountain,region_1,33.63694904171665,9527,47.500583551000865,2482.175760436306,36.50001501361698,1886.33232189074,1.270041556764411,0.8101644236311853,0.48424618395724495,0.42118411324650296,0.47612432683561706,0.548972806792096,36.361887801535396
982,inland_flood,region_4,155.4912827535496,9243,22.505037082863616,33.446873276796815,69.14244455091018,1774.2790878309438,1.6985344893858731,0.19467981354867703,0.5567678161008207,0.5668430634216016,0.5333359206757864,0.4190583741867131,31.725879307712788
983,coastal_mod,region_4,29.979542691709092,21014,13.297263213853617,8.313456330906527,0.4644108140197254,2790.1605450111633,1.610878332007083,0.13589374482069322,0.5271642345825784,0.5093719340888491,0.5096857705445145,0.6162125173616795,25.600091559661767
984,coastal_high,region_5,49.27601617627999,18240,46.43480225146134,36.649610570964164,2.6429217750653087,2294.610516915728,2.0616122345785737,0.1682270574285492,0.4784353419174559,0.31141326817826787,0.24755312367993862,0.3235158023392837,9.507181087845499
985,mountain,region_2,39.763894282428815,11533,35.25394962451153,2048.107433948064,35.19053224169986,2720.4510851062523,1.0535469143459402,0.7540289653558602,0.3177768171303326,0.2997319157695448,0.2738157834587405,0.21254174680733223,17.461812420124943
986,coastal_high,region_2,286.23248372100227,29359,31.675970419635245,61.636118625438584,0.3834972941364079,2222.131467927479,2.340645524947125,0.26818374895713976,0.5318608237619459,0.4728022257199437,0.559039812419027,0.6561802700712446,37.691504094520646
987,coastal_high,region_1,85.45940713316702,15519,37.451678290591886,17.107198092256095,0.5405531154511438,3003.353294240708,2.3840532080531145,0.1939169685664042,0.5141765598097434,0.534563266045262,0.5383592653157723,0.6714551423757078,37.82574490498262
988,coastal_high,region_3,106.56129707880233,88672,28.163302762031705,15.515739867735444,0.6691523464189464,2325.441057001046,2.648504874171212,0.19200017350234402,0.5292610228067055,0.5366489984315443,0.4465729683465828,0.4940194994133673,32.12719796772489
989,inland_flood,region_3,96.62418188881082,25373,50.86009582634624,76.11914958027792,44.10572435541521,1711.043633738,0.4947665473047981,0.15318289633150398,0.5000937408515366,0.35401928288111295,0.41584863269375266,0.3071840163460891,22.086694050828502
990,inland_flood,region_4,269.47513355344313,12601,35.70556502207717,55.959230260566486,59.32892041263669,1786.2972569909296,1.4541513973989202,0.12922262523453779,0.5029556757132622,0.487092603168666,0.44703830892598484,0.6520295876553878,33.02558594357531
991,inland_flood,region_4,168.88977340046654,20259,56.43056811233659,99.12704614262738,73.55620291446668,1833.859221001693,1.5551250604174338,0.22080741557036454,0.45324395202202006,0.4319324753955436,0.4345039892845258,0.5124402768116711,21.59133158633953
992,inland_flood,region_1,275.7479696799935,16864,23.164990693015888,76.72068028409856,51.47016860818851,2121.402006477266,1.1704211989810644,0.1839075971320467,0.6435153987007344,0.6092275199283912,0.5949293649704925,0.5001478721474563,31.024845968515557
993,coastal_high,region_2,89.97747174836867,16633,34.713532570980746,11.664276126138523,1.5974692225416245,2627.7534824551135,2.37764052436694,0.10871963505867514,0.320548623275423,0.3018599080599724,0.3422293894562925,0.31766143416602893,17.770686569550914
994,mountain,region_3,34.45040232958468,10545,39.470366233216176,2519.966159543024,68.3166117539621,1852.4219600435845,0.8275065578221503,0.7651957424256244,0.5119762226893179,0.35936185333276643,0.49870032721157537,0.4392229729036759,29.149032407841588
995,coastal_mod,region_2,166.86553581725238,13402,17.624627337016662,62.221992401244655,6.405443394446791,2190.218545170413,1.4018971969450114,0.192918756976195,0.44541396025252555,0.5342247938191312,0.49143502074735546,0.4069906820411555,18.195199598753064
996,inland_flood,region_1,103.66109753700525,8468,43.340026138740214,134.34986535576715,26.629173687091843,1656.9495778126711,1.2093856477444456,0.047474432492979474,0.3958279004374569,0.2125463381092753,0.19966504289794046,0.18499889842385575,8.296074338439343
997,coastal_high,region_5,240.5720500472245,8429,38.424074403914965,11.845009903517674,0.9033095419745613,2857.4229460003917,2.3900657178310976,0.10408044143577841,0.45196822414270166,0.31596050589576913,0.33812738462551795,0.31679648669430244,18.415908033185797
998,urban,region_4,263.8270226734976,216389,14.644022468503264,48.75847118793412,1.4547212060871473,2348.070869661722,1.5162129190010163,0.1689606145529775,0.5705645926775127,0.44024599576094264,0.45185831327107734,0.4030444729492421,25.686473061513468
999,coastal_high,region_3,141.77205327212152,60492,25.06181108083736,43.932559077577096,0.6425424564786416,2590.4210645802555,2.388000571480985,0.05451791295148506,0.5030356759119053,0.4453179180384717,0.40847482798735507,0.49202509825344604,31.0218773447656
1000,coastal_high,region_2,291.40770722565253,19434,35.976054808478835,27.940763384171305,1.7597937346673516,2708.6613611971047,2.469516992242711,0.06216469799944885,0.5315962730444205,0.3527302576474537,0.35837027693235646,0.4428989892107507,21.51143397891844
1001,coastal_mod,region_5,165.90390190332175,165473,11.578674875258514,15.98246575095744,1.007683103847298,2813.2434387325434,1.6359946009956943,0.1367464774682231,0.5443282994408105,0.4528313655464838,0.4617848726390676,0.4711907587905743,27.156618195302926
1002,coastal_high,region_1,81.27611801589374,80588,36.15220039037611,26.02241481856837,0.301853385790565,2536.9588030431523,1.8926954004219607,0.17501611387496402,0.6572259123116296,0.4700022452900673,0.40312934157314617,0.42107542153435373,29.10925498529081
1003,coastal_high,region_3,146.69265460328236,117465,26.156897407785028,41.058624407447304,2.4777324343187903,2222.296819979644,2.449680413052364,0.1775816909468961,0.4817888367671621,0.4509627823995418,0.5096487722173728,0.6442915162272462,41.57680946833164
1004,inland_flood,region_5,11.193087720878282,34070,30.072324932527916,140.69809398566892,27.09794768564824,2173.758570781337,1.5575759849248683,0.23149302884268036,0.27153539396988824,0.3197493693033274,0.255890506468497,0.1725704097517043,7.453663208761475
1005,coastal_mod,region_5,241.20034807892026,96983,24.354928460203148,10.27808729824793,4.864426799297226,1803.5711819821292,1.3920119744133792,0.1542865473290401,0.47848567352166727,0.39945009683512356,0.4918289653733333,0.2923824872881717,12.914550698402298
1006,mountain,region_2,30.430515256326284,4874,57.45842833739789,1101.1222853440347,72.24134194730043,2294.7155183635286,1.3498439843947432,0.6999391765712037,0.5157035150651957,0.5218410599750357,0.39287498212383276,0.4702097532723375,38.88710431491418
1007,coastal_high,region_4,92.62454655090148,3624,44.51153575457706,7.638210544371612,2.689101365328739,2360.4039815665933,1.9248114100265228,0.08476084876834461,0.5018707428836,0.4126288880357626,0.47455097919651196,0.3710286497108008,28.500870046748204
1008,inland_flood,region_1,169.59496410148301,12620,45.71352171367353,110.49929612173484,62.45300220849311,1789.454050037339,0.9910712141168695,0.13263232948721426,0.47608866188850085,0.5018422347675843,0.48690781637573216,0.5227602977393188,25.64050656219721
1009,coastal_mod,region_1,12.892537694069661,34426,25.97718222948472,81.99980396408023,0.475441852104483,2112.4693415244215,1.2076525544570424,0.1867594957476486,0.49962000189352823,0.5070551074242795,0.40961175508100445,0.48322343949840457,22.89115354953201
1010,inland_flood,region_2,23.795069754434472,20357,39.244942758019725,29.08833565665749,73.72808663055886,2269.967397864225,1.4137663757271397,0.18812672172506315,0.544294296813902,0.38794866028682434,0.3541452924454187,0.4506773420821224,32.191666714936794
1011,coastal_mod,region_5,208.83490728390385,27457,19.580683697964226,15.263771567459699,3.3111911562882863,2586.984075913465,1.8921429663226552,0.16348839313847227,0.4827920548382989,0.4896679471904948,0.49906926145318525,0.5032180652081051,25.55136321609473
1012,coastal_mod,region_4,21.533127918230623,63368,27.60946866567161,24.84369021994319,2.385819591872787,2524.172052081735,1.3702411639737313,0.17777476700459982,0.5517601812753834,0.45624966364715264,0.4071002114714015,0.523260744169823,27.890067015372953
1013,urban,region_3,143.12485987421294,337470,41.5004782510493,28.79350918224906,10.091730323442986,2200.9062267385243,1.6513184567985553,0.21430481688326292,0.470585271801242,0.5128361505680041,0.5212224087254782,0.3564798075703639,20.25690500786216
1014,coastal_high,region_2,101.60869002622512,74534,39.346489037134106,13.298713127579894,2.153921763698184,2496.9133754449376,2.6951879883710004,0.1539878917634744,0.3936672006744046,0.2578880597706617,0.3930479291622768,0.28368371833045636,12.96892060817327
1015,coastal_high,region_1,68.42382238692494,15590,61.00044451910832,44.04628832107645,0.909752330612582,1656.870001840017,2.1901243426114996,0.2191088382178886,0.4645010204293072,0.34831499036330327,0.2360032664654488,0.3753757989930501,10.91663718112431
1016,inland_flood,region_2,56.63366935909963,7507,16.007367969026955,141.19601710050955,41.09939275982273,2110.2982979831822,1.038925483539095,0.11604910734588426,0.48819957395524066,0.43601369615513674,0.5835395980056307,0.4332693448273779,32.816181597397694
1017,mountain,region_1,229.02338811977384,42306,30.731741774491205,1067.141274912688,48.759661140802855,1260.3341376205565,1.120084610888095,0.7143341343217118,0.42548023736869267,0.3758752016864838,0.46203023464427456,0.6209421699443924,33.152387825030495
1018,coastal_high,region_1,285.46265794508474,39767,37.62312803546061,13.678759263632836,1.7803306944275228,1830.6530894107948,1.9472386055439148,0.12618904807294706,0.6304440493345467,0.545610852845606,0.42561171695530753,0.5649488988333636,36.653863709918056
1019,coastal_mod,region_4,42.05392266099952,13378,30.464674967421935,34.98601060245082,7.655272426652974,2143.4163204745687,1.4330292785643681,0.19022533988072593,0.4735439840239602,0.5642110006379158,0.42014548802816953,0.4165967870806668,26.904985364659243
1020,mountain,region_1,287.9043657522381,5657,59.46101192271009,1066.9324680036466,79.9949354812072,2532.2886223152486,1.5428361318605814,0.6672709424266952,0.5268743039390833,0.47993989441228435,0.46381927191208416,0.49971250577080617,29.69890456560405
1021,inland_flood,region_1,178.42875104253113,10728,42.44523660304575,54.09034288265047,79.77237089566607,1864.6745288512218,0.849995943924911,0.13482402823182837,0.6208200898270022,0.63052594384232,0.6281412154442184,0.7099529979693541,38.69428422941135
1022,urban,region_3,192.49812160897713,175364,14.931061515456598,30.75073727123288,2.6462190674375883,2560.6593445781905,1.5561478722119542,0.0575348255142058,0.6997551635224497,0.7572047048938884,0.6193535388824971,0.725917762034196,53.79721350287683
1023,coastal_mod,region_2,212.97791344277456,7891,27.5299474782908,83.50178137351718,6.3687956723342785,2361.7355801314775,1.5571413338411035,0.1811271673739286,0.531784642466142,0.36476238064075045,0.38651350704034165,0.39945995789222716,15.510199797014383
1024,inland_flood,region_3,211.23566710637428,5429,29.94178373768548,34.513165973779735,75.6864952168554,1925.1776279614228,0.9508702273891143,0.21292162195767572,0.49521388190456483,0.4089460983434153,0.42782201293250544,0.5051950264569963,19.60799542977024
1025,coastal_high,region_1,245.94333245570647,30469,34.21841977669764,86.01151214511391,2.0641630579897523,3154.5239780727184,2.2664965278728175,0.19698609044239296,0.4579192331872062,0.3529276203585044,0.4418258001953086,0.4022283202467708,20.068530000476965
1026,mountain,region_2,145.04059540430924,5804,54.70522108588279,1090.8134916148663,43.119154717303886,3182.5566737820454,1.4257859773618287,0.7590293290803809,0.24282772560659543,0.258247322664017,0.24917791067576642,0.44638434097211244,11.276253808986837
1027,coastal_mod,region_3,160.00757625441034,53408,15.502115362287899,32.404784278081216,2.6123308307076414,2379.395542716134,1.5660791439737902,0.192516567447947,0.5209847487374679,0.41100360856519746,0.4468042106032819,0.5014979395999868,26.16359126311519
1028,inland_flood,region_4,97.14810073902477,22798,24.726030721982536,33.79405528241546,25.139948790637497,1767.422702072751,1.212945586978379,0.18555467088240662,0.3940495649315767,0.34951369615166766,0.44113620481789406,0.37907972118239286,18.486657727126154
1029,coastal_mod,region_3,31.577278134935117,27234,16.431969881189122,22.706566256623322,4.813984967326405,2007.4053491423938,1.8802586888755268,0.1811027560680401,0.45471682566957106,0.3910787035881895,0.4455285895945423,0.41046877379694474,17.429924803842397
1030,coastal_mod,region_3,199.39205727786572,12155,25.060238189020705,41.37281998004452,7.98519047327145,1693.641450452332,1.3131768689005494,0.18464347778877035,0.6275713330505509,0.5968782678772138,0.6630924057585141,0.6428416340864959,38.66526118540246
1031,inland_flood,region_3,10.082990755875276,16369,20.819939502624322,72.34389408965298,42.48527679411554,1987.2749360598461,0.6859255270486464,0.11843606472660123,0.5386447982163228,0.3363246604646628,0.3785183064781244,0.3846095642776035,19.387985140267414
1032,coastal_mod,region_2,82.69051532501048,29401,33.56823865173401,31.504448664177875,1.3035603402100904,1832.4854954944137,1.9305042174770837,0.14052169017473642,0.6206291101200463,0.6106915318733075,0.6120505531341212,0.7058454914674547,44.25192531729234
1033,mountain,region_2,28.26895933383008,18855,37.752351734362755,303.18181822199796,62.23682336004302,2235.462615401741,0.9409565347855292,0.708625707644503,0.28462756566167946,0.2887848476805387,0.29734835771106743,0.25202793241765914,17.91441881810575
1034,coastal_mod,region_3,57.218147196815416,20432,23.94203537253564,41.378398498243065,4.566415753681511,2291.210106069306,1.668080255044704,0.13391264206112444,0.5074663915659917,0.2969857270559209,0.30615281839297565,0.2571753975195009,14.69492538075226
1035,inland_flood,region_1,191.61927386921425,42757,34.39972987023927,36.901202614318855,54.13770721005618,1404.8874073988181,0.7713012443141919,0.0723069036262613,0.5926412084207271,0.5426789507484121,0.5885318298123372,0.6365343836589672,32.69741993665597
1036,coastal_high,region_4,188.54298906147545,36577,47.12914419630728,4.621719173568857,0.6894624988089182,2094.503492591505,2.31655789157385,0.08832750179136815,0.5299361000565607,0.42103240712984186,0.3538921396734403,0.5280544539696705,27.964504371072312
1037,coastal_mod,region_4,126.31647389871362,41534,31.148731565281512,63.65730262929823,6.0056379243026,2022.603180807636,1.0709201645414428,0.162572466627665,0.6431084000835003,0.541493521935596,0.5013247144942442,0.4794538314324147,33.659707314733076
1038,coastal_mod,region_2,27.051592946847347,14885,15.30327973572681,9.008660669233901,0.7040983319468834,2181.6154209468896,1.4191219519184277,0.1954407378859114,0.6254560663600773,0.4591293032378214,0.49021959623636374,0.5257521711628836,26.923246479758838
1039,coastal_high,region_2,130.01217493782252,7105,42.499723004279325,18.26369257930997,1.8691208482920667,2402.443680104757,2.005623044446516,0.15077513572002502,0.38397653189664555,0.4139424169522638,0.3895984167216877,0.42589641837741826,23.52900061835789
1040,coastal_high,region_2,105.82346155748802,46236,28.137561199206285,22.586144984563084,1.2770968468511454,2491.7928274454493,1.9367036995262348,0.288622036978471,0.32682373879058063,0.3663034207628414,0.35794934613702056,0.3660457599791811,14.916428794205144
1041,inland_flood,region_4,216.13774585678493,32217,36.656179742460914,154.2236788471588,27.630501190594806,1788.1438411623328,0.9090631991902229,0.10661305578639568,0.5153273116756413,0.3584690273852198,0.5002776354371601,0.3770348714216822,23.898066626588406
1042,inland_flood,region_4,173.7079824597155,28574,26.743010299543023,13.037815682712651,58.06308512573925,1565.180047457412,0.3119828071095382,0.1724670063455596,0.4896447608925274,0.4766074608055803,0.4550226291388002,0.5268738829080026,27.50911392431725
1043,inland_flood,region_1,147.46973020109968,25279,31.11004081528804,109.6324319413738,60.38296509169577,1839.5747667824903,0.6520292686667402,0.21640922008085442,0.3349823374209345,0.310408561307195,0.1950158324401266,0.20352456500054622,6.221297279172916
1044,coastal_high,region_3,146.09462469149855,26536,52.666528872846015,45.64829159059088,1.3200608868935741,2514.732590027878,2.4347242468780985,0.20405377219884951,0.45250149668298884,0.42070435283017066,0.45941108454629037,0.5209622394805566,26.799038547049832
1045,coastal_high,region_1,289.88906617812563,17569,21.805055385205463,69.74538593465114,2.3939784583962447,2475.8439585575006,2.304299916864318,0.18392968718596503,0.5821087497577883,0.48377084065663595,0.508054705251939,0.5163536851909546,35.70265441473844
1046,coastal_high,region_3,226.88826651103514,59668,49.65785887424868,51.68928780818198,1.5279497532314568,2644.718367518581,1.877743915911218,0.20438450387016216,0.5579641159642738,0.5438963822880264,0.5383394175004775,0.2910087048280091,40.556573841112524
1047,inland_flood,region_2,149.09386813803835,25365,43.62849350294623,61.75939610487597,37.14526712591254,2125.668371142559,1.16436207083952,0.15381136766674441,0.45128132465059895,0.3267160482093767,0.3280550321208652,0.3484540041213664,25.1690033515933
1048,mountain,region_2,143.7667838666933,5974,57.17585761268025,1695.6236543278146,144.43215335257884,2740.863113448335,0.6365360783544345,0.8117429235678917,0.28157084331922577,0.23577496047673052,0.26412482433387824,0.30050788558325847,13.93608374214168
1049,coastal_high,region_3,7.9437303914890345,98566,26.413709003301157,59.728626877989036,2.8321321132496124,2346.579665795444,2.4165891611240258,0.21516535411151505,0.6263773890543594,0.4938265884193223,0.6419195712635501,0.5808738751869619,36.35539166215962
1050,inland_flood,region_2,282.752778995942,8899,42.29350100669368,9.66870556888811,25.7372836831007,1527.2609588240646,0.9653082779614522,0.10755169490586752,0.591061018583128,0.5884086056343174,0.5618255187508572,0.6328044419584838,29.65010031710762
1051,coastal_high,region_2,95.7521915301989,21478,35.3886015597192,7.5149402893557244,2.8382438476451504,3108.6385462914427,2.102463054882302,0.16620514584915258,0.48858511435844965,0.33230241586173753,0.3037479360554057,0.43752385863798027,18.200381839421233
1052,coastal_high,region_4,76.78172456422313,158384,28.227579032250784,29.207757684250076,2.3264471422149495,2754.1783662444354,2.1726809128817637,0.07312779427781843,0.3663125387136287,0.4043873829021387,0.398230476120913,0.4159407018924603,24.626497991630327
1053,coastal_high,region_5,299.8226776163014,79357,41.83500823000598,45.29092629001391,0.3199324876717039,2218.1350595304248,2.967858536999713,0.22685333738482505,0.5206680934433867,0.4430197024576342,0.34645691774148457,0.4873079582605793,30.091642058684613
1054,coastal_high,region_1,215.60690145135734,26312,28.039613421125114,37.232086379254895,1.5579758155566437,2711.0820225969687,1.972359544143295,0.1618395382525478,0.3988041011819875,0.42695773052252084,0.3660004504871129,0.24320367982427338,19.210158286575197
1055,inland_flood,region_2,14.209131989786394,22695,34.060253173045815,83.04496320962905,22.09707860465594,2320.398419980437,1.0679675998799136,0.2188393004829995,0.4889790415056557,0.3865928882791944,0.5284231178623133,0.3490923751230846,26.023517670163194
1056,mountain,region_5,18.565643107672937,11376,18.082227466022104,2763.699203052949,100.66284846730521,3264.588262619696,1.1344106128477112,0.7411454053460488,0.4101300882687751,0.22024607721275286,0.21942990195191348,0.2078868256066785,12.061540826350054
1057,coastal_high,region_3,7.650469188059361,3068,50.54282851146334,18.87343103776455,2.799562925604561,2700.2441104630925,1.9112761452733198,0.05750494933363154,0.46470272934927437,0.3126008633517987,0.297577669119081,0.4270739536288547,22.31200328697937
1058,coastal_mod,region_2,179.88566985386072,10666,31.630699995061846,22.264306685137843,2.9456778998836644,2570.8847230724514,0.9217226487782203,0.282243892729513,0.4855050407200485,0.45414822041683733,0.38026963768256583,0.40509972093635493,21.615747275358345
1059,inland_flood,region_3,21.469350018585544,17314,31.325896014925608,42.91987182408217,50.51751044306948,1637.1193783055828,0.8196705571113482,0.15727832525164134,0.4065916359873793,0.3595634086393825,0.37654913273429413,0.2745336195212397,10.680104687931447
1060,urban,region_1,280.0165070534792,216648,23.25563439186493,39.54182223559507,3.413404888540141,2089.229174520997,1.5278389603326603,0.10065649164576917,0.5879241521109159,0.703644275867582,0.7434948030468137,0.6125959421902031,46.78046555897325
1061,inland_flood,region_1,281.0719620068034,21975,48.547229605349024,60.00371186179664,52.456774395733554,1899.4962052231042,0.8973989644815151,0.20830015286932657,0.4053924578942801,0.31791248161606717,0.40785387648345345,0.33446257468039553,21.539544400595517
1062,coastal_high,region_4,163.81622002442393,100361,21.085814676697183,47.05352010190013,2.407724006230092,2737.027940681684,2.130668220591693,0.2525864811579438,0.5348075054218948,0.41676356372185447,0.35116958765977735,0.5033128715243058,23.473217722087416
1063,inland_flood,region_3,184.99167941878525,13943,43.79541469193695,37.33325495008546,32.915496436233795,2483.3581806308666,1.273230895387624,0.14050776381394217,0.3929487790941517,0.45899913129796666,0.33630066855838975,0.33264349696938933,16.51516934527985
1064,coastal_high,region_4,87.56832045757494,14018,27.634104797633242,32.486242249372005,1.6604602858935515,2699.9557577117034,1.9580970761515424,0.14558580100425586,0.5310723013417354,0.4069526347215363,0.5294339943964095,0.4995652035876307,21.03845985361376
1065,urban,region_2,19.191762722481997,326084,23.797511558471964,56.6581864432644,5.3196491567687145,1818.692778219937,1.273373406656165,0.16285792367018023,0.6928805590566872,0.5939122513966865,0.6034286409304397,0.4960001825459779,37.28031126336212
1066,coastal_mod,region_5,221.23813355754467,16961,23.932132754911876,99.50355039817329,5.982976624590063,1757.7964970406415,0.9458476876049543,0.09612972157987842,0.650156802953907,0.5805449105568494,0.5900237468912289,0.6589582548990375,42.14224904069333
1067,inland_flood,region_3,30.535796624705235,15917,17.305598221246036,23.63344070670947,62.12231971743218,2493.7340188261815,1.0962157182177388,0.11586523537290783,0.5822124892358364,0.5605865650054601,0.5485226025679577,0.5435837095648918,35.66344725860519
1068,coastal_high,region_4,25.66729230551794,27928,28.691822966001762,15.840708664108606,2.0963689683422553,2805.517364954093,2.2688521223705234,0.2393634667937259,0.3830560744495935,0.35547030919989375,0.2370568705997388,0.3078724367184021,16.794456763963503
1069,coastal_mod,region_1,93.36693276126714,132385,24.051648731924335,35.42397516814289,3.022425069795159,2356.82847144127,1.6386608894501653,0.14398714822482053,0.41897760893603864,0.311325388139598,0.4019237520154054,0.40872825871731544,17.1655991680006
1070,mountain,region_1,3.739697951364618,1317,50.14906337713513,262.1487142279208,101.91351635645736,2228.1343057209147,0.5564231604985842,0.6625436205400077,0.4664799786449472,0.3566958136866071,0.4371732831239374,0.38404348214924167,26.428592145144126
1071,inland_flood,region_4,130.2106847268948,13217,28.733813380328137,82.56720752181684,59.06511102118834,2080.358535400353,0.942433725768275,0.12879050550789076,0.3348985600497658,0.35341601877590284,0.24862659781312946,0.39481256614788296,17.225747510702742
1072,coastal_mod,region_5,212.30427302402302,21961,42.97940623441346,51.02952980290036,5.4465117789578334,1854.5640328556165,1.016458891862544,0.20450186189182026,0.5630314952131545,0.4046192352538109,0.3612844703402184,0.3903277332737381,26.921570677577296
1073,mountain,region_5,240.40467942658168,4899,40.99211961570893,1149.3977217497388,99.03076248450868,2593.599177851826,0.8261679941532604,0.6205912012467703,0.36592566188945835,0.2661706915830574,0.2697268378911746,0.33705266612243945,13.724017825915588
1074,mountain,region_2,181.2921911396764,22244,37.630124595681984,810.4903865089609,134.016569618787,1812.564931712986,1.3445364226323675,0.7264024397573533,0.38649389214785373,0.41814170940895057,0.3726450882528092,0.23920536228802008,16.771989335127554
1075,coastal_high,region_1,254.06226093417376,75503,51.38160865600695,55.340761347438985,0.7463957378100078,2456.284621988896,2.1037741732078055,0.2740443291471582,0.4309923773933309,0.34948777511614787,0.3247672816170896,0.3713538459425018,19.692547694024224
1076,coastal_mod,region_5,121.9506611301331,21200,17.459677762976476,26.954744837827842,0.44645431489101206,1974.987397969208,0.9902240527265289,0.2520077572089789,0.500065721892154,0.4252309758854296,0.46682420048459833,0.4765534304908846,25.91750047471813
1077,coastal_mod,region_4,254.63162551814298,17737,33.13250020239756,86.55159342063968,7.700027630990399,1059.9213250666987,1.196036220507555,0.18011994107173712,0.44648491720251837,0.44026833835143914,0.4453161688205276,0.5366608033888188,24.647269112196604
1078,inland_flood,region_2,151.9419931495138,16488,24.00485493852661,42.34226119829111,23.644023597432113,1895.969412039978,0.5167144499748366,0.21653628626113086,0.4329886380808875,0.3431776818454548,0.3514734870415745,0.28993034582323407,10.568136234379303
1079,coastal_high,region_4,66.9108383994886,33047,38.914776353903704,8.638041519907487,2.7088669673758643,2240.4534302148286,1.8112681363578345,0.21548700572918522,0.5389249423014384,0.49068026941154846,0.4986984067101037,0.4669400076374306,24.120793184722856
1080,coastal_high,region_5,283.2436939981398,33842,49.9888379709876,23.309526097349387,1.8368548108626706,2515.8440464436867,2.40129608424862,0.14410054444818193,0.4054388363223749,0.4436222923399863,0.483221929806969,0.45745505853283885,29.483910104594226
1081,mountain,region_2,82.49126215113495,8356,43.83652730967877,1068.4641690102808,140.24884623775193,2400.861400240927,0.46611502879136896,0.7642606889981458,0.41342070345597526,0.5015809982511962,0.443475009248091,0.46552603920491203,29.02800553423993
1082,mountain,region_4,7.8604452563379335,12421,42.66766063175788,1314.4577327943073,97.79447166751667,3283.965971490792,0.9936985771064634,0.8115991421769976,0.44142003342210134,0.36539314810507306,0.35512717990113535,0.28654356809824605,16.82030381451177
1083,mountain,region_4,72.80221288650807,19494,23.910605816647944,97.6194357025074,128.52104705913686,2552.3544985787544,0.907722802764772,0.6384583630252708,0.4986072410532326,0.41461158126656633,0.43717483642908034,0.32576253696076307,25.183837316127487
1084,urban,region_3,110.00626837722832,128263,17.816357305385736,24.783075301161613,10.819353948518003,2200.2337898950614,1.1405415252719997,0.17925054176671673,0.684785248538443,0.6131525178570508,0.6338842307541848,0.5955175755872145,42.84168051800066
1085,inland_flood,region_4,105.40490498677923,7781,48.40988246489494,218.56024300586847,51.506728019640235,2148.6841505657735,1.068204994017333,0.1717600671794096,0.4305828594972859,0.45383334581423146,0.3737128947081606,0.4015460528299475,25.065485725162084
1086,inland_flood,region_2,157.4002528330715,4452,32.42541509310096,39.80937544931907,41.79941539721715,2261.542553672338,0.7187015471958234,0.15582965968772672,0.4604827387446654,0.3381673682551482,0.4590960467239338,0.32895080232886614,16.22852924883333
1087,inland_flood,region_5,264.938064610777,36066,33.77525932313941,121.94315746560727,20.171541241300538,2136.2838361563554,1.2522533202481139,0.15278839077930628,0.4078368161484114,0.34183823840390004,0.3774135074098439,0.4430969165180571,25.544387846507043
1088,coastal_mod,region_5,87.70146813290974,26910,31.650724419092903,228.6469327162727,2.0072421965550156,2298.5995585484416,1.1904979104283007,0.16543991817380857,0.5754415290179453,0.6007976677197525,0.6317641412166458,0.6377121917731917,33.85246914042351
1089,coastal_mod,region_5,156.23118238775066,32998,27.559570964497652,153.24133518903665,7.614134467791547,2448.9364214971,1.2840899334179339,0.16836321871908247,0.508620661624001,0.5022773222045805,0.4974859958251453,0.5462690609371771,35.189701380187145
1090,coastal_high,region_4,102.0416861065438,10031,31.795581316857024,9.906522177068661,0.8263855435949738,1629.3462316675582,2.048394698380868,0.20609785066226893,0.5651559967082406,0.5977664972574214,0.6029519293642358,0.5102824644515551,42.49026359109186
1091,inland_flood,region_1,246.53191781196014,75203,45.61524422499506,114.96100897104441,65.11114655973202,2626.7154749836477,1.2068420693223298,0.17576469589707136,0.446327204941804,0.31808228123656057,0.550821158545925,0.48393773956594344,25.105942752744284
1092,coastal_high,region_2,47.28045398654351,20994,27.95193479719279,44.991766527826684,1.5254928435940078,3235.8919378853593,2.36333317405267,0.14186501328167112,0.5918855133263489,0.51036016815241,0.5085429045017977,0.572903071643842,35.957246284017785
1093,coastal_high,region_3,31.05308049301755,42251,28.51417502819114,38.417403696699985,0.9255431539643979,2686.854300743716,1.4134896502228602,0.10865188520129912,0.56534723054025,0.5729159487047948,0.4748739893233812,0.5406403266785622,33.36830065366015
1094,coastal_mod,region_5,150.89857597128054,43630,7.7139642379771685,14.086353879715425,7.928747591699044,1705.4477423569317,1.4762728808834535,0.12661545827304688,0.5287985173309598,0.5166929316294752,0.4906826178839379,0.6187709965325251,33.42115823008397
1095,coastal_mod,region_3,201.56627572964757,10000,31.013919394638705,47.61136673145818,0.3757950201983533,2623.6226513725305,0.8766221504523256,0.1638613310282484,0.49336150949287183,0.3883688292743185,0.35730000681314134,0.37511045913558067,18.55302279260585
1096,coastal_high,region_3,238.65756032722996,22210,36.1789692347654,28.422516579571173,1.7462313194220713,2322.4494003741156,2.0976034863432513,0.1151758447762101,0.41168108388765967,0.3575659321300593,0.4219747492714405,0.42320204605977096,24.320087284814374
1097,mountain,region_1,176.8874558715949,11628,50.35448497115814,294.36175049670624,85.38218592116536,2666.920508287468,0.86754779347599,0.7522586374533883,0.34525378962442965,0.28674261207107105,0.26695751935262224,0.27152973983559336,12.247409158200856
1098,mountain,region_4,232.15492839570018,129537,45.09432034966531,777.3724696960335,39.18316916424739,1758.5471991072668,0.7943825311404489,0.7346141263927004,0.5006762971234067,0.5154107646794767,0.49002407775386225,0.6200113083084211,33.02314444101829
1099,coastal_high,region_2,117.81301756827713,47620,46.89237439054613,29.50942344468436,0.6422886174460651,3490.5627595892493,2.350245766629675,0.20767408473138965,0.5027723791809862,0.42303842429178334,0.5281442325069476,0.38471647535925596,23.94188272723169
1100,coastal_high,region_1,9.860301079940692,154156,46.00814773938357,22.78721493521779,2.082725921033674,2023.1132951565519,2.41602296982386,0.11844337413629538,0.47768866373881935,0.48598604982017024,0.37199572508518636,0.3397144047055555,20.826344124007328
1101,coastal_high,region_5,34.82979237046696,107484,24.717707185575293,40.41085142820261,0.3249858893803005,2627.5944281266006,1.967960262154213,0.10912819685929873,0.6003772537990697,0.5689353842714897,0.4664998198053195,0.5280842781371414,34.07857852502735
1102,inland_flood,region_1,11.616780368698853,24207,20.805175617716117,50.794674898201364,68.06150663298274,1363.3438356465522,0.7570608992508038,0.20765957771385468,0.5211829096414237,0.508977916873259,0.5192089196715786,0.4210466626152494,28.488201661151074
1103,mountain,region_1,98.68309514294779,4063,57.84029008269154,1057.4314099975106,105.00731927425362,2379.388773901839,0.8892091339042449,0.7243326152363154,0.2533209158950023,0.3819652954560522,0.3925204863804192,0.3494427852835685,24.89065829311511
1104,coastal_high,region_1,148.6474023806047,94256,43.76239496422251,47.76160416845399,0.3025727846508207,2429.88591794469,1.7368803758301534,0.14067970338348879,0.4108131977854003,0.3210177019309799,0.45122485764395703,0.3764114435575956,17.55831983690788
1105,inland_flood,region_3,106.89524509708181,5439,10.796882828032018,201.6300536227202,37.20887772579484,2341.15501817179,0.8569066074436964,0.18833377051261435,0.447221830391758,0.248383672513258,0.38761695237577803,0.24080330233188607,3.668723526063042
1106,coastal_high,region_1,168.17984251991766,153397,38.993309547292185,8.277471289287387,0.4115335870405934,2429.848227363254,2.6044233500162073,0.18321207194893033,0.5504277573208036,0.4689408989947438,0.5663463071244909,0.5727774213430418,34.12939238538269
1107,coastal_mod,region_5,144.1827445478363,25848,21.957824682638044,65.57092543184754,6.380810364462136,2598.5182539962157,0.9481098304367852,0.08831774970735572,0.512958368422116,0.5216343036742744,0.5678183170607367,0.7305725898771867,36.61048821991555
1108,urban,region_3,203.38284055918209,54713,5.34896294085478,22.230901560000564,7.994394376885005,1792.7638297233987,1.1979647922059777,0.2196072084106559,0.7450839264880883,0.6724964204592538,0.6026888876697949,0.8024685580357416,54.833026034729905
1109,coastal_high,region_2,200.08864906902187,26730,32.67722472577084,33.164346800579736,0.008489810149759469,2487.2153587821026,2.0223097561209653,0.13003901146026733,0.41689888450754364,0.3094716587237425,0.25465680275285213,0.2953314695512033,10.201061044706057
1110,coastal_high,region_1,95.41924413260384,65418,58.65133811931265,7.687402514537732,1.6287109416844576,2495.2351608317977,2.8015803644163277,0.23513056014796146,0.46643245985633935,0.399139443511202,0.4729035844768157,0.4935690243659344,25.5475812516116
1111,coastal_mod,region_3,103.86433660832746,18221,17.46139140704882,93.56643037618412,3.862429474119608,2373.455889471521,1.2386416379991039,0.0849006854451604,0.5229066994697134,0.4850336969697465,0.4161356955049481,0.5913209227984471,29.940939264194142
1112,inland_flood,region_1,175.54434649239099,31952,30.685404112814822,33.57250907557747,58.584584179550305,2110.512327922117,0.8560567343924512,0.16643618692776746,0.4932833279593376,0.4864960243476942,0.39909019447252836,0.48767361378186236,33.16766825197436
1113,mountain,region_5,178.92974036725255,4605,35.341445641211884,1934.3407542313446,34.18128665843953,2761.1125774616808,0.5907705216594809,0.723344041926294,0.4567591494929309,0.32412944669294513,0.3847905597465924,0.34311521582969645,19.43637238691565
1114,urban,region_2,94.40997409113993,122566,19.869914852336496,11.617230622824998,0.5313868789957094,2180.049180986922,1.3027965410701754,0.051434205457803445,0.6400154832008129,0.6791933574964611,0.6495195674144757,0.6172563526757587,31.462657671258007
1115,coastal_high,region_3,99.09536573262756,34053,17.39379487386922,6.204431056401954,1.0481043152860703,2864.5259306452463,2.2810501165071067,0.18301504447521977,0.4541284935484326,0.406996717218208,0.4584343195469642,0.5288630947834431,27.962690431527978
1116,coastal_high,region_1,208.21350395584412,37361,32.840946918872476,20.654094003219157,2.0656142884844617,2240.8544285227445,1.934254045714122,0.054151506066451915,0.5456339400456353,0.5740144158972721,0.5719554313726114,0.5894955530944389,36.786903919310475
1117,inland_flood,region_1,194.22324686282087,13647,46.589129396001354,76.72377109609569,59.99348555532174,2116.6396000643704,1.2966168402165896,0.13671070033583754,0.5419841736436569,0.438800045255409,0.5885088341847983,0.6440589611437779,36.78106577366007
1118,coastal_high,region_2,40.515241403932414,109596,32.4279401897411,97.43590912643327,0.8347907376307641,3243.2823709782724,2.281319075286553,0.20685715365958987,0.49326783619493,0.34317474132820813,0.419240400792798,0.30640336153605496,15.778718597850537
1119,mountain,region_1,132.31256390261802,4604,58.39386990836422,1130.3690295784284,55.92810534754751,1560.0036163062014,1.1555697806295546,0.6925633036910892,0.4122121832335677,0.23682182044548197,0.4271093696012652,0.2113718466616398,17.888597284363662
1120,inland_flood,region_4,267.81182361317707,23168,36.57010558048893,26.353562206651763,60.987535842863764,2146.7023864906782,0.9015593416480242,0.1052577785637363,0.5264721707760038,0.457392114750062,0.6469564490699573,0.48256952180504703,30.584401034177827
1121,coastal_high,region_5,10.891702831342565,38606,34.77865522491445,43.06065846821958,0.08133820840140782,2870.711911175247,2.2729552992674003,0.19074409596509823,0.34608181603792604,0.3365458671877553,0.28993841140118914,0.25495815627396795,7.281027836224954
1122,mountain,region_5,256.5491839452641,2438,30.308602284726533,2501.4258334530073,96.81399980333457,3130.5931887358415,0.8360710515377755,0.7297138061462789,0.5519448049789094,0.4576596108395129,0.4474169800481544,0.4634461884751921,28.65775236117903
1123,coastal_high,region_2,48.95344711924309,11079,52.50964176747149,11.979906622752535,1.2722959261323812,2890.418773316084,2.637304464847345,0.12994907153421023,0.4877634193410854,0.3966978118941222,0.4556354049388458,0.3613764618952635,25.880969565046108
1124,coastal_mod,region_4,152.17458973851478,22237,36.372196282439646,78.57788435574241,1.912694543481681,2235.110579755548,1.4348792412113185,0.21507493920651843,0.6310078651026565,0.5884994452074722,0.6585129269469455,0.6138032316709426,42.282547864971875
1125,coastal_mod,region_3,127.30092867690345,107469,40.73503405320466,95.48716849507483,4.162384714659718,2350.5256184285136,1.4026261844944996,0.09324657504194811,0.5523321265594774,0.3934964143085887,0.3576902627927261,0.38007966119228254,20.11949663436059
1126,coastal_mod,region_1,3.0388012024376465,35010,23.915805989695,72.98106469616016,1.7373412529824241,1942.7367579035308,1.2625274002937257,0.12825055513616868,0.46389769739637154,0.4321247259613562,0.5114487333836729,0.32711097103079456,19.588525912451086
1127,inland_flood,region_1,274.61908112688957,4534,18.212667646056673,38.10871100826488,53.859296332954536,1883.6095782926761,0.8452109108583509,0.19396510213693774,0.5387161672816732,0.34282248849735725,0.3783497727192065,0.3951486004422423,18.90776752233497
1128,inland_flood,region_3,136.4775682002917,1497,29.30185478122181,77.32880920472135,28.938430173580606,1599.2891480894016,1.0713166224471482,0.0897068803412289,0.5484406660633738,0.3776522737809725,0.4345406524728586,0.4079650065595593,23.6485632776464
1129,urban,region_3,286.2804830281845,416579,17.81665321999879,44.178657657346434,6.085393681370344,2546.108854303267,1.5458762378118143,0.2395124868933676,0.5619884380527151,0.4466966238209075,0.43761941020594214,0.5581597931778518,24.240517984512824
1130,urban,region_1,86.02317029376536,253285,2.5178560732369637,73.36869883450028,7.65639502957208,2235.047195685254,1.0946325706269735,0.14039508159609318,0.5633274546029682,0.5739523967199502,0.45460722744137494,0.5228690449420134,29.687251267858667
1131,coastal_mod,region_5,259.8827320247917,54885,43.90114579608464,25.19475612307522,0.2536082243506197,1879.3606388863852,1.4379737831528385,0.1941513104807124,0.5870623584677328,0.5290008877995487,0.523612214964157,0.6105930461661142,32.00444951712484
1132,coastal_high,region_4,276.71687219868915,16438,29.98530032896972,47.96204099664743,1.832151721408843,2708.5427850650335,2.2552508473057347,0.1944306993501852,0.5453069389755739,0.48096296618140943,0.6115566800194181,0.5781861855472048,40.15232833712932
1133,inland_flood,region_3,167.0497249112342,23865,36.369851020862185,59.11929499099186,65.0189176098502,2347.8043129983,1.1075090549126831,0.14338272544316477,0.3752984390354974,0.34134034920660206,0.2911317421593676,0.2857099167342436,16.969002659897452
1134,urban,region_5,60.80333636031525,445834,2.927366755370795,24.78494872840987,14.34110344216559,2397.837697636315,0.7877510794417845,0.12646742389802762,0.543772837366435,0.4468527461668802,0.5396300397346788,0.3743416497942141,14.63883938701866
1135,coastal_high,region_5,205.574229631716,24276,26.857336885497922,25.717942067997946,0.6093790573932291,2228.9445547334394,1.9225801900867037,0.1482855375046921,0.524267519812061,0.585938452939857,0.5228859101618802,0.6739304145998257,38.341236538861686
1136,coastal_mod,region_5,164.69341995883804,15664,46.910104371717935,3.1648752534618194,1.6695629379966297,1103.1564144421582,0.9902466439634297,0.18568759199631021,0.48578313531460116,0.4195244247622135,0.3795208570356772,0.49938544503024357,26.16345589134104
1137,coastal_mod,region_2,283.3588997557878,22476,59.05009259863277,4.796806913196675,2.4386465938306987,2338.385129713733,1.4098653279955236,0.10075966201407514,0.3962611716574696,0.31949643292177043,0.3385932313786394,0.2149010237850224,15.561611321319106
1138,coastal_high,region_5,131.78161854314754,59184,12.957244571179372,3.9932814061338635,2.6722921123707164,2245.2521472647068,1.9297079890329067,0.08990442230216916,0.4174779158364487,0.45873844993949586,0.47839883750097295,0.38465177641556103,22.209448318033516
1139,inland_flood,region_3,80.5540942919466,17828,42.4607050414295,91.19620746284531,44.41142982157234,2186.69825179415,0.8511276644719756,0.22574827540545012,0.48670940106285515,0.33458008196815714,0.3963330082006685,0.31472511295904493,19.916123055239503
1140,coastal_mod,region_4,41.486100448232136,48011,30.52278420166859,33.87087650759906,2.414350504607639,2532.594635917684,1.0417158428267461,0.11382852162600712,0.41565104728873586,0.3870684088500771,0.3518144694825525,0.39205256684017253,14.182352659247645
1141,inland_flood,region_5,209.59007060600385,12462,49.53702593931429,38.21020855373603,64.47084691276257,2334.0899333490147,0.8790290388496592,0.1683486575692743,0.5540168465817802,0.43292175617967604,0.5282771874258947,0.3412420308246914,22.698055598054253
1142,mountain,region_1,292.2328856941747,2994,47.032773076742366,960.1935618974825,34.558821309317096,3272.3702429892655,0.5627689196343694,0.7060846677337765,0.419885620754603,0.32777372054289616,0.3885192340472162,0.4507197260478125,22.55503256152119
1143,mountain,region_3,8.503131171419543,58646,32.386153721768125,1949.3103894001097,95.85774135699677,3018.178459038652,1.1273725326098851,0.7249843032319203,0.4127151835545252,0.3286388078157211,0.3558355159831101,0.42897634606080975,27.569121540495033
1144,coastal_mod,region_1,222.13360643343805,13579,25.176266858082073,38.59261667356358,3.6015199286100854,2812.3420900744077,1.5437683909386732,0.2221703993335701,0.45619257802403923,0.4369296900583316,0.3739214457602423,0.4611833081480968,25.79399617621841
1145,coastal_high,region_2,278.0791087679,21772,35.672656405107816,9.633677850280678,1.8745746322279673,3151.624137294132,2.245068784442306,0.14590402476676667,0.5350965381732078,0.4733488133087879,0.5772782451948111,0.5101954819735335,39.40591413340013
1146,inland_flood,region_3,22.434460268204802,17108,21.599051947410285,287.3908810606814,63.86598040942475,2439.86527220665,0.9094174210958295,0.1370059040820182,0.5431173824858595,0.5389082922653876,0.47563727978178294,0.6027894681626278,29.60841768801836
1147,mountain,region_5,33.05101353183994,10514,17.29620079843569,997.8281701868895,68.99860626543257,2379.565930351114,0.2886939701091825,0.703343851606781,0.481206960438892,0.3844872359439293,0.37913865227242066,0.4303391272595718,26.293886579626793
1148,coastal_mod,region_5,207.5871295349126,16165,54.17417675851382,96.05973147764651,5.09133748818594,1748.735749068668,1.2625380123515462,0.1264472478442657,0.5055320194215335,0.4580604214005944,0.5060208575106593,0.3669825878562863,25.21991007477681
1149,mountain,region_2,194.3890127687365,9743,57.63951365154122,1762.9645419882647,92.91944435531936,3641.135127241206,0.6715630368937878,0.6962300908899839,0.5424913081754118,0.3479628420428533,0.5136427655502173,0.34031301803195935,27.72764200244667
1150,coastal_high,region_2,20.64822459487371,35038,25.99440525699378,17.604089768373782,0.40190343117082983,2625.181174086408,2.2741822651796566,0.12532457208105138,0.5044359896858175,0.43101703650112033,0.4472467501362219,0.3540230777773874,30.29192176348417
1151,mountain,region_3,250.32682564534693,11583,51.520352092732914,2995.254722581343,135.80714496115928,3014.354031987117,1.0859121506413114,0.8336792627694185,0.3504918171195236,0.40555501907611596,0.3315583254125576,0.4217428292173447,20.258656985274463
1152,coastal_high,region_5,157.02715435346772,4351,52.317782454139405,15.342626210958976,2.263770503492565,2379.890067590311,2.297389798747926,0.18583321413830978,0.45352560096389,0.4587261428787901,0.46579340897250837,0.580621000311543,26.32892945397682
1153,coastal_high,region_5,272.15921200098376,197360,30.887363337601727,33.7669396567114,2.764962402687086,2985.5689770182557,2.578911492737977,0.13330969467829404,0.527972776801088,0.430662329615328,0.4309782407275385,0.5505647630714245,26.69841901097374
1154,coastal_mod,region_2,263.3972642978113,19578,27.972478260776974,50.95930460573428,5.763236731711996,1344.262836236012,1.229505729684473,0.1999422748195345,0.4210431258057513,0.3594224612112076,0.3812618667720367,0.3946778923272295,20.689453723054466
1155,coastal_high,region_1,243.75233071504974,61240,48.96815225781354,32.71960813459325,0.7344196814132292,2435.8226435996185,2.017067235603807,0.07119216748188231,0.543715567960721,0.4743592718174749,0.4542684444698023,0.4210395245518747,33.8980652728238
1156,coastal_high,region_4,154.7696688733264,10506,7.146237244896699,66.59950942135553,1.2915786754079681,2560.6355666430845,2.511363468670773,0.2199072024989949,0.47998759087074894,0.4407399232342974,0.42491786950749716,0.3121020522824102,15.688200579823985
1157,coastal_high,region_2,75.51319252482968,23768,46.40904142559111,25.446053644621287,1.160605276334607,2785.0435073220747,2.2498649183614403,0.21518696835180023,0.4360188140494033,0.24186255217459796,0.3047520381000053,0.24072044996291705,10.494218930636247
1158,coastal_mod,region_1,151.79265117333978,12863,10.751194593483625,48.68257081877218,0.2865754610572493,2575.208636810388,1.325900377837335,0.2626377937964945,0.5499931712664449,0.5621074940551022,0.646162123126865,0.6030126421263491,38.73179830307287
1159,inland_flood,region_1,30.24341334053402,58441,38.50859376011164,80.7820842162418,44.6328891787332,1671.7571235109053,1.5539563434684347,0.20194006391890787,0.5077064130432901,0.3098168771146614,0.38853384279488484,0.4826346543909656,16.870165680162696
1160,coastal_high,region_3,197.65384454202785,21434,59.18975432957295,94.73614627264217,1.036708361993349,2863.9872755680817,2.373319164214805,0.17345957205380533,0.5306785089968566,0.4555442855887475,0.4540436470492626,0.5905928237266426,27.231471082672325
1161,inland_flood,region_2,40.193165768702286,33072,38.00597628795996,145.8575590673271,20.23542717205279,2368.0000929910225,0.942836747819775,0.2170170913520712,0.5217511573319304,0.5293314153550155,0.5928654474032716,0.5209410138713472,36.228907074991234
1162,mountain,region_3,153.35188875021692,5511,42.41009858106603,235.7511927401596,131.65479109095503,3572.9557913771287,0.69421655590581,0.6726857703042325,0.3778018342724329,0.24201043474742173,0.3223221899296493,0.19209297906692951,17.438953432575936
1163,coastal_high,region_2,16.314592250045333,24164,37.07005475029895,15.8362059237074,0.43162327502355957,2882.6511935350136,2.597953801475161,0.1304962730459586,0.4665863809867306,0.35845604667472014,0.37311046798891767,0.3183512197637832,20.1762164593508
1164,coastal_high,region_4,89.85374708239377,29114,20.854771687775024,26.81002736812028,1.502856502155792,2416.197607407511,2.2620991062669007,0.147239944078795,0.47060834756282993,0.47686050960207144,0.4643481751743561,0.5617342247909691,33.3383351253047
1165,mountain,region_4,69.62413820093634,31428,54.82255406463362,2627.001549234708,124.16133877608543,1764.1176714458695,0.9073550758615281,0.8127517784016354,0.4668193581476795,0.4155254186024444,0.496967484826073,0.450108365307902,23.707921437656715
1166,mountain,region_3,186.00946281350116,1806,46.07702880528052,2800.345863658346,102.5377642919771,3314.601148932615,1.1028829282365271,0.7044374552005911,0.4477111406286203,0.32418930429659043,0.32560605484278,0.2877129659324817,12.932185479928844
1167,coastal_mod,region_1,236.03601360675262,7688,14.5014932364294,40.523994558009804,1.3548098030612072,2458.0696774575295,1.6640263570561922,0.10258040351513388,0.5473517459928108,0.3901354208000234,0.513834291968755,0.42305962929070745,28.774162811896012
1168,mountain,region_3,17.19088636215784,1715,37.989227396179885,616.0704110341001,104.1853350798134,2389.01218420988,1.064960995347269,0.7222177101520653,0.5037564870821865,0.48738162173037053,0.4587987724124189,0.47104423729044387,33.98759057114048
1169,coastal_high,region_4,255.08510554661527,13646,34.898011138301236,21.74999251605449,2.2727906833462086,1952.0726823112727,2.465192672689583,0.18624336597121313,0.501483681893682,0.41303499061913873,0.508399636379885,0.39406785143871476,29.342654445269417
1170,coastal_mod,region_2,258.2303084863813,11507,40.9241607647945,45.917134615282315,6.838116129153438,1874.0856171856815,1.5354123076708044,0.11562042172101612,0.4697359336452167,0.4712202414935748,0.44977986424621,0.5687222724138655,22.61862518013063
1171,inland_flood,region_2,102.68072228640683,4956,20.863993208429456,54.90937224612891,39.11922558425187,2189.396086632181,1.166467175029068,0.18444701361112975,0.39289462367348266,0.22232002506318568,0.39080713176571746,0.4304247346444765,14.665463926616612
1172,coastal_high,region_3,197.70121979109663,18755,38.7055034794255,58.62596988969906,0.10176420160805799,2741.53320965036,1.9805086435469696,0.21940876819237276,0.4603718279198556,0.4918283880070954,0.5643076311274996,0.49607409459990015,31.51958849262324
1173,inland_flood,region_2,120.78390951103486,3598,45.370604933132704,50.753413513196335,56.47689238657442,1416.100532310064,1.5431061644852677,0.21087910514923205,0.5775776679500957,0.5383067640002345,0.4768657375162169,0.46647133601705304,35.49065102880552
1174,coastal_mod,region_3,46.257264656889454,9755,20.857058773915057,20.20567082685259,1.8061480811512531,2421.4143947756397,1.0298970023027891,0.16800543260640405,0.6552367040984434,0.6689539792196375,0.6057998330745181,0.661994071561636,42.642356463566216
1175,inland_flood,region_2,158.5987255689331,47114,42.94867894985444,57.027886987052554,66.85370443667549,1529.469065534012,1.0928132843492422,0.14643195995715283,0.5295274190336002,0.49509930969331645,0.548191334910035,0.5096012346389935,30.86389150698105
1176,coastal_mod,region_2,25.907902350478995,30420,32.75226676032382,52.88832184335311,5.439053674928995,2673.903174010791,0.9989698825464176,0.23767321018510032,0.43589354148295356,0.42242728923689,0.4800021238371188,0.45395479072811107,24.484020443357874
1177,coastal_mod,region_4,263.5416466187964,25590,30.764833111654927,98.94719358712008,6.185494837407422,2272.994570216735,1.3705613783492134,0.15243906922116043,0.46461650670624555,0.40718795533061414,0.4636195125140264,0.43679321864318255,20.828531382632235
1178,coastal_high,region_3,277.28692782288255,14727,30.03500952122816,11.294339674579879,2.902593600964205,2414.63142050028,2.028611908639575,0.19720822429627213,0.40892470421979404,0.3084363277998562,0.2520656312785725,0.1495259218256017,4.432869941353826
1179,coastal_high,region_3,246.48394110342107,9113,30.438413214422944,31.880617141292436,1.753642185445624,2996.061735644269,2.240726761403195,0.24845178086687952,0.47155818022896456,0.33978407608073724,0.45129136915731016,0.4379115750279373,18.4536476380469
1180,inland_flood,region_4,168.75843622679358,7249,54.996218843873834,86.92014628852371,74.25881302460658,2106.0497865337356,1.1025273044072936,0.19322942212229577,0.5624307831630498,0.4617176187602702,0.49244027430222054,0.5486511114959945,33.04208287311828
1181,coastal_high,region_2,167.27957733763648,34930,41.02624479244463,37.11064808751619,1.925680147422133,3129.9710434020076,1.9130998891016224,0.10077135634531308,0.5345460677402123,0.28650536639763385,0.27654682002239606,0.4067655043620211,21.883575388066696
1182,coastal_high,region_1,295.38221298027895,79329,59.238885737334336,19.018521782582024,0.5452330385960522,2632.190245355827,2.1911756635145276,0.08836963234529974,0.6386947364174131,0.4948882789077317,0.4450218622660899,0.47391021271078787,30.552613985762335
1183,coastal_high,region_5,74.37050694935486,81808,43.11186462605562,36.66150331470877,2.3979245385268766,2655.5277465622853,2.618102266736885,0.13573687159316228,0.42177308979265876,0.3955339770716216,0.4561241644201275,0.4483164444618553,21.819510736142732
1184,coastal_high,region_1,22.784509771562245,64058,34.280820340509344,43.2934820452227,2.0810958726411455,2485.8998269608364,1.806320470749562,0.18620515547384175,0.5153947121503357,0.480768143956453,0.428412837144296,0.38774390091888844,35.39929303780982
1185,mountain,region_3,168.58227708035332,5095,54.709432742740084,754.1511997874301,147.3527733209899,2531.483571383582,0.6437838692513801,0.7349590066308072,0.41190307228255985,0.2803439533482227,0.2214571956546401,0.3563608521340385,11.367826732296173
1186,coastal_mod,region_2,98.63567934303099,22463,42.98610687430149,48.63373505382852,1.9474559115259522,2794.282807926239,1.6582263943746003,0.2611743726915883,0.5088213017254666,0.5216684620283264,0.4093962875037725,0.49086836339918316,29.4532920058253
1187,urban,region_2,96.70163184241328,221282,38.28351732022815,29.89298292605431,4.996882744258987,1949.1707489816868,1.3232664439739261,0.172256997332111,0.7020209795099445,0.6432385184527318,0.6769090141675104,0.6453483043569013,39.10294541418791
1188,coastal_high,region_1,2.125606250984413,30300,39.124328696650714,13.575240194642836,2.464473079807116,2859.1820597322544,2.2453464789473694,0.13385690274848194,0.4244820327349445,0.3732030211516679,0.2623552472323048,0.4236965909632352,18.676356240779384
1189,inland_flood,region_5,178.87182286437988,92014,54.69223770772713,21.01039302706122,23.773375882014825,1735.8669250976147,1.306690704607698,0.09368726168163373,0.45476546785055966,0.3061447113132003,0.3945198773959707,0.3087835737427045,19.016236380029753
1190,coastal_mod,region_3,79.21011068268422,5379,25.477575689835263,25.560534505235587,5.065598116919526,1476.6437588125427,1.1617793894605122,0.2094529796197481,0.512876385347152,0.4073157584373339,0.4758458417377249,0.4618130376312956,29.54918034332144
1191,coastal_mod,region_2,56.3575644578043,18256,20.667893749899903,27.1103960171162,4.283808421863001,2272.610559129538,1.2441994309707212,0.15015418963800842,0.5496960830610449,0.5130986572757672,0.512539110192272,0.5761500409755577,31.932620526424657
1192,mountain,region_4,12.129579417901116,29453,53.88249830361217,310.36472634764624,50.25862467210682,2585.2027117347116,0.7072074400599484,0.6299277050227192,0.2995796220811895,0.2709140842028298,0.27854718764384956,0.32198393382575835,21.067368079704607
1193,urban,region_1,109.3084729426834,111353,14.248255784698966,46.602837564042275,2.4768256389036476,2066.984619167255,1.1955390857993313,0.15189904591079467,0.7336681897492129,0.5624258965098292,0.644949643675725,0.5777054843354197,41.018570621075455
1194,mountain,region_3,263.6906617159372,5544,63.105809972201435,1818.248778602703,127.22371455047752,1652.007514613882,1.3018566254843036,0.6808801584988473,0.4952021139150267,0.4826598731528047,0.3589235868287234,0.43659262862024645,22.01116443847228
1195,coastal_high,region_3,101.0012422792117,22558,21.3060270579488,21.95276105070463,0.04633546631302432,2721.7204298566485,1.6896759713426466,0.12908838554758073,0.4527334921993247,0.2354039571755355,0.3484556872668529,0.3579328006962145,16.989199920631727
1196,coastal_high,region_3,203.72226303587811,29704,22.699705028988184,24.533212183173998,2.240524320929826,2706.525453655778,1.8417343567269784,0.15072338245743946,0.6139846219397315,0.6089096546846003,0.6095088024007362,0.6720598323360025,42.66451556705935
1197,inland_flood,region_1,226.9640890205722,5030,31.26173718720382,45.77384238604602,63.960033620269215,1733.365810672228,0.5902950798120463,0.1055131312966921,0.3722963262384511,0.4753601950946711,0.46676995841944224,0.39333861899135497,29.160654907211295
1198,coastal_high,region_5,98.43024275705987,62053,23.565556665784953,23.484225562455308,1.9490399291059635,2058.603371410792,2.6205081852057908,0.1260148827021314,0.5260706269898112,0.5908741460255748,0.5975601390294675,0.5327360006167254,33.882878810799234
1199,inland_flood,region_2,246.49222050361237,30731,37.83489502208082,98.2838860018761,44.57105978487597,1924.28362168821,0.8156800195900711,0.11445169027002582,0.5680143090473925,0.5682860765043262,0.5643081763561195,0.5909147901690247,39.01280888175422
1200,coastal_mod,region_4,207.56389790008473,33080,26.906305993322594,53.20889084036165,0.2265654681936562,2428.525236372219,1.3019979061745004,0.11503297538807586,0.5253549520772534,0.6118918443912259,0.48289095646496377,0.5676677194310495,31.36021470203062
1201,coastal_mod,region_4,167.77266861028545,10978,18.186634908382935,38.96404265626659,6.4142133463441375,2345.8291561271967,0.915609746623719,0.10025615197631868,0.4905232061114673,0.6294357250237301,0.5682093785728874,0.5617818346139646,30.214748379378612
1202,mountain,region_2,0.29773921518867486,10698,14.659705113938093,650.369596020407,45.084864456772955,1959.581501082961,0.8212841891502244,0.6868310771231181,0.28959385211896993,0.24283777365724024,0.2973215446479857,0.2050028802752813,8.160158865583295
1203,inland_flood,region_1,10.52722977684244,8781,27.780724991898044,114.26119022442201,36.847249049582345,2041.0775255066023,1.25995651625259,0.10719223731922906,0.44858173258653444,0.3972063652229527,0.36393922637516085,0.39334337132758707,20.498319838643415
1204,coastal_high,region_2,297.259753231819,26921,9.918512972635924,17.64859295292387,2.84034878037361,2954.850562190227,2.2758871144818893,0.17962687162810048,0.3700627596400893,0.34391345153652475,0.26284955971392016,0.20610590205318044,11.40205410821547
1205,coastal_high,region_5,234.6851770510678,252236,29.225026724901365,8.36715897608095,0.9055830795485136,2130.9337162932743,2.1676407846104127,0.16018112538936832,0.492501006945287,0.3430685226514444,0.5346771301197094,0.3878776177702562,20.672580807935727
1206,inland_flood,region_5,281.2695776318841,19468,42.53234703399736,74.4264779185019,35.3083490236953,2018.946610412958,0.5305343423644777,0.2109910578803357,0.577938393611146,0.4007938160864498,0.33545614132378715,0.402916908571301,23.87741709708389
1207,coastal_mod,region_5,270.69096147540824,8518,40.512940451824,8.028957080938882,7.786964443027235,2668.8743430598056,1.3016143738076082,0.24447058803225957,0.6118010615575511,0.5120595687645701,0.5729711097201085,0.5771808182825087,34.45752896156287
1208,coastal_high,region_2,6.132894942825251,42714,50.19767954526506,30.98638143880415,0.2577966062870066,2090.027137882441,2.244074429177765,0.1843888751881851,0.49569933087684176,0.4856846522406414,0.525397640209253,0.5619108809069384,29.595132131626666
1209,coastal_mod,region_4,237.55418693732216,7469,31.959700717310174,54.4334711616438,1.2855231033387797,2604.4342018673283,1.1024525428900085,0.17339744053083364,0.6787547443221926,0.463412928958745,0.5378419771521055,0.5190273642965316,34.92121060886812
1210,inland_flood,region_1,135.34372320334637,6910,46.042065161168594,40.534297024898144,46.29905089290711,2485.7562356967155,1.1964673473933642,0.1877005257724887,0.3644721936414149,0.44325670235722314,0.3613143482699638,0.22580214581724553,15.25989415522062
1211,mountain,region_4,236.86746120019671,3877,25.60915083128404,681.8048635953626,124.52077534098609,2288.897237414557,1.1655205639935209,0.734828941727591,0.30936481354174905,0.38443245284765987,0.33365462678637536,0.33652679378262557,26.848183811615336
1212,coastal_mod,region_3,2.0147352490155424,15437,35.31007825633142,78.57021874834552,7.0748715115462115,2079.9469833443018,1.2414053874037714,0.1538351533292232,0.38491064306159917,0.3751594766747789,0.34567575687162344,0.26299965999204966,18.76753665981303
1213,coastal_mod,region_4,86.45979036016928,46610,41.03125513148901,147.99785878190448,6.045085781462127,2561.583046656846,1.6177496581315112,0.15102988065148104,0.46652993180203206,0.22306170498717964,0.3951969663040553,0.14578531492681748,18.89321736487676
1214,coastal_high,region_4,225.39713273739065,61117,31.22939099116951,25.574749829153173,2.9285250948085615,2525.5478499881924,2.1670781207547902,0.09934785228118637,0.4811608863996287,0.36830354371306473,0.4084180211639271,0.5426691631013513,23.413105180570632
1215,coastal_mod,region_5,237.90623658047693,33469,42.45063021025769,25.76649217175907,0.13476914085566882,1376.4056547567177,1.744141394473644,0.19238056217651484,0.5094492519869007,0.6023440415284261,0.7144561113620894,0.5933583428928609,30.736275164177144
1216,coastal_high,region_3,185.9143803643872,13507,38.253540556006854,32.87247150586753,1.8585196649743188,2560.482162124168,2.8102451980174243,0.14898969529232173,0.44397279404992823,0.42156640090533554,0.40327243887366115,0.49057529167761843,24.800334555969844
1217,coastal_mod,region_2,90.37685683387913,14284,30.887931484297887,37.802016899167064,0.9307696150794706,2364.641388868097,1.071900355420026,0.22311352751414681,0.41269134152329245,0.32015082642539494,0.4890049320037264,0.39081445810809207,23.85772303843718
1218,inland_flood,region_3,93.10877738635888,22417,14.11159758806862,83.4786965961303,74.62176443629221,2222.02515607474,1.2308453210639998,0.1971647689207498,0.4282480278319229,0.4448457056629309,0.46640008951141004,0.47245479137699836,24.575883562801085
1219,coastal_high,region_1,290.0291890926098,20630,47.58857136657416,27.97422163863887,2.805921622078177,2247.7483340992308,2.5914893698488184,0.11917423949567002,0.554293199908498,0.45961165342225635,0.43216213549651417,0.4192087614918473,23.93579972684684
1220,coastal_high,region_1,131.76365377026136,28267,48.629968167804215,28.49511425897716,0.9090846531113929,2492.0795522109565,1.9087958978944504,0.21281515846689636,0.4241560037142995,0.3916782885410433,0.45334933519720966,0.4177388435852081,20.601951987811855
1221,coastal_high,region_3,134.1376650731511,54026,34.62239793712134,3.2599964501726477,2.483125605548995,2990.76290566092,2.0274637995344023,0.02201788613583555,0.4953681669526753,0.3249984893186656,0.23651417530956492,0.3394923694012553,14.042528205109775
1222,mountain,region_5,165.69982507220985,7230,57.16270147831628,680.1125143957266,105.63306904647578,2370.000689293331,0.7240868705312389,0.8079822445168643,0.2669162169892736,0.2786674275635646,0.24739995539339063,0.20017003722367135,4.122753148523097
1223,inland_flood,region_3,122.85070105931662,21608,25.426356329043326,41.89386264657972,26.029327069103488,1541.378601811726,0.9601656284391634,0.08378432906306427,0.45094153711058205,0.31341311597206933,0.3055309189658804,0.3429778297931153,16.439076399607938
1224,coastal_high,region_4,165.80146937922424,152276,48.490706776338335,15.52782581757354,1.8083044779853326,3095.05520384815,2.093090348133814,0.17501750536930386,0.5424087407086321,0.5250772618735136,0.4719135341507617,0.6230179844750889,31.25906138932942
1225,mountain,region_1,129.70062683026737,8478,40.00274866334334,1553.5764731361342,147.12684472292023,2292.9444888113776,0.8405146235834754,0.7475738393650556,0.41809907824324577,0.3122375482976973,0.2765065286022349,0.3168981893701596,16.50756632541762
1226,coastal_mod,region_3,248.014475880656,56583,41.19116266946084,15.174752105155772,2.464752392045785,2581.926572013483,1.6513964984834506,0.20644178446837605,0.5009281395732113,0.41761330183752954,0.36643816152266884,0.36855797166465687,14.372182985572833
1227,coastal_mod,region_4,272.7153059394852,34457,22.813750678387503,5.466546449482846,0.009126209168019095,1711.5901564467076,0.831256483434153,0.13365735985077834,0.4875456109443179,0.33877208446551366,0.2585671107261917,0.3673238574199802,13.095956985043916
1228,mountain,region_2,279.6330779446085,2642,35.427744192656405,609.7598876018717,147.2150012643815,2339.5066262054575,0.6078319735075872,0.6030084476939479,0.4033007911892435,0.2902749277495886,0.3307816015498602,0.3386606237227049,16.610282966872187
1229,coastal_high,region_1,169.28886174881598,13468,20.054600674620236,12.749137966661296,1.2419502523515096,2803.894409470894,2.40097842286296,0.1338506347586552,0.44686597349123797,0.46018542812765856,0.45462056431122233,0.47703335536580466,24.30810381231874
1230,coastal_high,region_1,132.6445672393486,17150,34.695547561220366,25.70535889244199,1.2927983035301485,2565.142055399605,2.3658328445862624,0.1394754382462572,0.41775933608207316,0.28352875722978577,0.2801293183095935,0.2820798185769059,8.36931407785421
1231,coastal_mod,region_5,211.57201763755137,11115,55.92968686083004,21.116466409681372,5.700896936749908,1785.9478291876526,1.0824373417899826,0.04789655506794574,0.4598878070581806,0.4300438403875959,0.43894082607851614,0.3277649639197173,19.455342609193178
1232,coastal_high,region_4,251.49707738877197,33481,19.895370825009532,20.20530767895593,1.8131561614332727,1645.278677262594,2.367910585091101,0.15260936850308054,0.3555636044306222,0.2890668453725981,0.3429822005018275,0.31315717776712665,16.691356864852537
1233,inland_flood,region_2,168.89467261991314,29487,13.882772429451295,47.99679002733738,38.11919673871934,2456.979538851008,1.3980600870459328,0.0970169521021588,0.5230272558174606,0.5095190391768836,0.4150943020351769,0.37101173083879896,21.635300704865486
1234,coastal_high,region_2,209.9943065466784,112380,53.65357747824891,57.350962751886485,0.2999336359679019,2699.21528076053,2.185292045660347,0.18342155163744053,0.49606727520063576,0.3609523711556287,0.5730412180140101,0.38493571366467755,21.212199735472538
1235,coastal_high,region_1,224.9188052163744,47923,9.205672308685871,12.95343377032421,2.4820875598415872,3066.7204211164553,1.8976116933808342,0.13791448924333144,0.48410057181303606,0.5137091457568065,0.5287844296570609,0.45697201687606104,29.053442639916128
1236,coastal_high,region_5,202.91813301518602,24315,39.97573208344087,37.226740140750614,1.4501315290392076,2971.46763974418,2.4624862768942744,0.24868262030587732,0.4962619218712709,0.5232144003533945,0.6217415995351391,0.5652913191128645,25.818413068185322
1237,coastal_mod,region_1,223.84006671879285,4163,48.963742919044726,38.77106793706819,5.379794349173769,2408.8963891418525,1.9169136292912619,0.13784499022829866,0.5327092712437482,0.5843801566798281,0.5511897529604634,0.713105402567183,41.16036307993167
1238,coastal_high,region_4,62.593599766799514,38697,43.76724676510826,47.85040598459881,2.5815141003574364,2471.4650579411727,1.934157908968131,0.17232662090052456,0.34500545393958076,0.37416041278703976,0.3853043610370369,0.30674355769810707,19.483369026897915
1239,coastal_high,region_2,149.51236410653925,37167,39.56648473913589,69.22920873972409,0.05316713785566707,2795.9067702556513,2.2117756221850104,0.14051406279337947,0.4782878394759134,0.40742265498516017,0.3695748500403797,0.467061532092875,26.870381790627796
1240,mountain,region_2,176.48056638152616,11668,46.56791897546505,919.4493965124611,133.12623323312297,3116.2684731853624,1.2270466904661061,0.6343442669027843,0.4110544901191488,0.27608211553354817,0.2821069891297677,0.28379804795208796,17.31251901345853
1241,coastal_high,region_2,0.7433792571069242,241739,39.379053285459534,4.978760703776711,2.255385779270304,2633.2043713095027,2.234607614488956,0.13984832283592474,0.41456768634686203,0.3919638078960811,0.34593707161161824,0.4165845898221925,16.417477856956523
1242,coastal_mod,region_5,256.7887526441046,59425,27.532825382166582,15.275520623655318,7.574573999891711,2865.5953655397166,0.8758111000975743,0.18792831302330604,0.5099187745207622,0.35578200850228536,0.5377691032350826,0.3533229851065851,18.563681729443346
1243,coastal_high,region_1,183.00735253347364,73611,20.558741887690125,7.244856987631439,0.7007724158063512,2000.2312454132575,2.33302531563574,0.18022168395439206,0.47837864713222195,0.5006640044312874,0.39996115776940505,0.4411447179085963,30.302811876039513
1244,coastal_mod,region_2,38.74089950946098,10201,26.275248280708073,28.4629917682826,2.5793786975833397,1637.5819860581437,1.10635740910313,0.1358166774441544,0.5879502926706422,0.5479381888816582,0.5566256495605856,0.618959629547441,37.488362947373105
1245,coastal_high,region_2,244.90712177274813,22886,33.4184259068823,14.974445708913352,1.9844362278375587,2995.2300858077574,1.8187832203017962,0.07741475710991524,0.47226434296176056,0.4192553482706507,0.3517383529064139,0.4483191386714347,28.282482475301684
1246,inland_flood,region_2,215.1170899321634,16716,42.4291096742733,77.2921678630813,75.547579319674,1754.3771190437365,0.48167560270426146,0.18352655950082492,0.5622935933460516,0.3810487558500285,0.4963086882737549,0.5807046838696047,26.650290128468995
1247,coastal_high,region_1,227.48986303909112,18072,56.220504812852546,45.3431498230956,2.978008084348172,3417.3347681715118,2.5571221879497044,0.17173909881211394,0.30027776150428764,0.28647411321174476,0.2002841954205516,0.1827534282742276,11.019654149030918
1248,mountain,region_5,117.61273855855686,15528,38.00034309833525,177.52199073449327,80.00851807028172,3068.670685616472,0.6495866042947722,0.7451646754675985,0.4856551267006359,0.49046512118641716,0.5179169238308006,0.5189544275049535,29.811598887544104
1249,mountain,region_2,256.2607520084976,13646,52.683300031430406,984.6219329706638,94.70756108648926,3193.7857533790207,1.0000008540743617,0.7029012837744596,0.3328394227305236,0.33579812195945297,0.17964455070692265,0.3142580422710173,14.597207739076625
1250,coastal_high,region_3,124.20827463970868,13636,41.70322920108689,13.264586027139128,0.5116530228411946,2953.7745222205003,2.373686329173821,0.06600498437031042,0.540305282854896,0.5995167265094417,0.5405475156233848,0.6236147744426347,37.8662817609957
1251,coastal_high,region_2,171.1527458836774,106631,33.44840905781802,25.26466743149448,2.081926101715795,2231.3665505318822,2.2485456969445603,0.1771141297065186,0.43328327388200377,0.404814735850037,0.25461941485221856,0.35133588939485083,19.420687481119458
1252,coastal_high,region_5,0.19269110996211758,39818,37.10776090283717,17.134915321179047,2.5121112686787432,1936.2633599459232,2.2889712339921915,0.14983186375304722,0.467577269176275,0.4625470424522435,0.3915604675487344,0.520835492255723,28.306502664254253
1253,inland_flood,region_2,193.46193440335867,4522,56.21154138090593,107.19682502441597,67.9189587466652,2448.5884007567065,1.114314426219849,0.221392198628942,0.5718830798113262,0.502902791314522,0.4551665821304729,0.37016617193908996,35.0045498288152
1254,coastal_high,region_2,215.452737638381,34675,40.83682283172001,9.767988415800207,1.03752913426831,2000.1727175951771,2.241429305993618,0.15160140109442996,0.5283124444390656,0.5333395383996521,0.4591929847393336,0.4657824144749896,32.18397611819364
1255,mountain,region_2,170.1328096466377,12747,50.07275417638747,559.5933905172938,145.59168188567276,3192.44284386376,0.6719521457051929,0.7071649054399952,0.5364956547751611,0.39289573776086634,0.4549808474206213,0.5710564757216233,35.91045523828736
1256,inland_flood,region_2,148.9676451130848,39270,50.580847194183065,58.07889372782676,27.220795222281883,2200.8844280688068,0.7451988513545232,0.17184229755213595,0.4654302062214641,0.3340670629366627,0.44732669468594877,0.33851429169708147,17.698377536832396
1257,mountain,region_1,242.9809421135125,7304,31.622919221009372,743.6715932301136,89.27640181153917,2361.873673089949,0.8685055367472222,0.6826964080369449,0.49869981408544395,0.31485611753516685,0.5084830778791923,0.3412091767118401,26.897346317157158
1258,coastal_mod,region_4,204.41181514957256,42716,32.827203705350605,36.12772508814235,4.436777041544842,2354.7166895173586,1.362150785585295,0.11835255369561175,0.46246673515913356,0.4736232953433538,0.43047307688928693,0.3846115709390414,19.45901051061698
1259,urban,region_1,83.42221191600689,300224,21.801344795619425,7.540354028868945,8.04770785580482,2239.5872806347297,1.4287959197279725,0.14523241428537795,0.5181415284350628,0.42501215294830696,0.4125575153568972,0.3830615639649234,28.176201352116543
1260,coastal_high,region_2,287.7220014239958,11119,19.362296085590565,62.379829382858816,2.273672339036832,2519.0358445651677,2.530495020149548,0.1050317992618686,0.5801615217320617,0.4827363473905347,0.5177241028164129,0.5930746612066988,29.375726246872937
1261,coastal_mod,region_2,212.18015825860223,7100,18.88503061934302,26.822082131309323,4.8768578598180135,2698.99053222176,1.503171608170847,0.138997615046988,0.603310917181825,0.5991476090292008,0.5775585957351939,0.7027827191823561,46.32381007123453
1262,coastal_high,region_2,296.3816786737274,99738,44.111196322783385,10.373807108892745,0.23138829988252396,3156.5603442398137,1.956734884264852,0.24715303524260374,0.5604152958610796,0.4418103098091599,0.5573578540410764,0.5477917725331675,36.37309478066868
1263,mountain,region_4,291.3783948806605,29038,29.916732599096825,886.8329071716057,51.582198412409554,2477.8296509104707,0.2456532555808152,0.7670892443396786,0.5920552980571632,0.45924000934079917,0.45748444398414945,0.5385435452288256,26.6545515393466
1264,coastal_mod,region_3,275.67291684302694,28519,54.336876653747325,41.2911363359207,4.257912165240829,1990.0019646548933,1.1693188382362028,0.16609832427940907,0.36036263422357095,0.2125608463426234,0.22441265959137233,0.21566437558568358,18.866380811117704
1265,mountain,region_5,226.61146236759228,38030,53.291380465937635,3233.6944072981923,113.34571212761026,3052.9770222021457,0.49665289154204234,0.8321242068612901,0.42422237877228663,0.21131065675762434,0.33606126986728796,0.2672846882114961,10.233282830555135
1266,coastal_high,region_2,182.8288105490902,93990,22.233183804660772,50.38665304398439,1.5425235966317346,1790.9758479444722,1.9808883392917604,0.10960502969579727,0.4625620254418245,0.4495039518774842,0.497573574849519,0.5428311372463279,26.01332169655834
1267,urban,region_5,51.651199104877264,404407,3.671386098573247,24.387624823659344,5.332616751606971,2233.167782103397,1.3726830966595633,0.2749333216144543,0.7542168462307346,0.6076954059352402,0.7594789397876685,0.7458328701815384,41.58126061695726
1268,coastal_mod,region_1,163.00542522712732,10624,50.04640081308626,119.29321018261246,0.40907649396691603,2458.8512878731226,1.4253171523516026,0.12898690490738932,0.49497598053369024,0.45252057221172165,0.356578462980021,0.4706337910983319,18.3171359874204
1269,coastal_mod,region_3,229.6129567182982,88004,15.25396883276812,104.12548135527896,6.2870471946808895,1910.0768578276957,1.957453285081463,0.2519465026410045,0.6337458927306566,0.5806199849515236,0.5963644396347482,0.5874797763984747,37.67250946271589
1270,urban,region_4,156.25714761167035,370193,23.266057738345893,13.949996622563624,7.45791359847133,2392.1356462312942,1.4449244656246558,0.2502054367158735,0.5180232758662091,0.5106987509271018,0.383008643791435,0.47265044483890684,19.922473830701815
1271,coastal_mod,region_3,260.4717385216973,16176,34.1449343393102,155.37636137990697,4.310313044376741,2190.7649485391808,1.9727501849944105,0.06495912840229169,0.4385532179186341,0.39266700772237834,0.37169648669753375,0.34285740070655535,24.79205862454037
1272,coastal_mod,region_5,32.89676975750948,12905,29.142617359621376,27.2128799724675,3.7516651221433293,2009.0049573178087,1.614541821196978,0.22381358677696617,0.5125431128192093,0.5042615005979332,0.5286771093509931,0.5667816606012619,28.946916994115202
1273,coastal_mod,region_2,114.28210441459022,27049,18.843906447651378,44.98526929157408,2.1227633259659733,2537.128168882285,1.7257120229915104,0.1365632764087535,0.4614953864862051,0.3384140048007922,0.35007876626679685,0.46395525000456017,10.566319998204188
1274,coastal_high,region_1,151.7893255780972,8071,30.785095530240586,56.17278824543857,0.8291203942321443,2165.7262285209003,2.0923293185137126,0.12254900221451136,0.3576413365835872,0.3255731909440106,0.299656277414983,0.21375079092585786,12.857082287504925
1275,coastal_high,region_4,129.69758876073243,68166,22.05501650061693,4.462886390931676,0.19050236174997193,2947.677334625552,1.8776472150012127,0.17630717822865852,0.56177764230145,0.5483650391447255,0.5363823118423708,0.4590320679062063,33.97929846144843
1276,coastal_high,region_1,32.57596434646592,15394,45.77618040858537,21.689814455420965,2.1227970486057983,1807.0615144722976,2.0653120327597363,0.09997005990061972,0.2674741467382444,0.34490826421463616,0.21368568168484142,0.32419875727107506,12.522947119354695
1277,coastal_high,region_4,46.05848821338916,50693,57.78370493571528,30.137262867999993,0.8156186194005658,2714.281778692479,2.1964391407966004,0.17560815742986383,0.5101077040830645,0.5100539491851094,0.5524822151533235,0.5275800466186525,29.759639253994195
1278,mountain,region_4,251.28518785664613,6189,36.14293727929728,1964.7027593413225,65.82736178091332,2421.9219781067472,0.7115523347984937,0.6860974714543916,0.5103533176943761,0.3830907424050422,0.3888943250732611,0.42227634051043217,24.01881679491331
1279,coastal_mod,region_5,145.3152777604353,17826,23.02910037119058,39.803457152224844,7.948000968022721,2011.106481596984,1.0996572726587446,0.1595252995825454,0.61671714801541,0.5471573736842064,0.5406572185223345,0.55613743409304,30.229723656578557
1280,coastal_mod,region_3,14.616728025818293,12021,24.239416934027016,7.545025146743195,3.0865004465935906,2336.368703761154,1.5250513077262278,0.21689538534109,0.6096120375545353,0.605722830513487,0.49660173669167457,0.5049984019408831,40.33025332355309
1281,coastal_mod,region_5,4.947377693294975,19361,21.857975579108103,134.06782735520008,4.085577662032071,2172.1504547212744,1.0983808501408243,0.17158712015184827,0.6494262661082125,0.5265550628076762,0.49955861231821946,0.4980328071325619,26.015004810512092
1282,coastal_mod,region_1,142.042620598298,99857,19.977407677626072,40.89489037328786,3.0917848060894526,2569.1434695569415,0.9399524155644408,0.13270016465632456,0.5770459391749118,0.6473116372459018,0.5526045167233548,0.5946887583319496,42.52493568218338
1283,inland_flood,region_3,49.31361777733311,54614,34.77747239339767,82.65648896928434,37.41146679466252,2168.0452966410303,0.6633741658307213,0.17846466171242056,0.4472092067945358,0.37395831366760285,0.43948973674913616,0.385719839169217,18.773939361296964
1284,mountain,region_1,211.53778379976654,13616,29.466844042882805,252.4815382562618,30.702088589611847,2626.3471164371763,0.8296933535210256,0.6339344081982192,0.34903380320446664,0.3079700168135876,0.2900772966053269,0.38775016185972055,27.118467554316872
1285,mountain,region_4,238.5970387583254,9674,62.35120547262682,2425.795695371681,132.5863617330306,2545.9306017801023,0.602724267670643,0.6989710715819873,0.46243728400071554,0.35746680182099655,0.4760005498344691,0.28503288704889784,26.87547065924768
1286,coastal_mod,region_4,68.48901253713167,43276,32.54944943866903,27.533635693817605,3.7852294035204928,2034.7417402085352,1.331573029004447,0.12895088654522474,0.5596295840179921,0.3433410304135729,0.2693951318908021,0.4297960326846942,14.815991324440336
1287,coastal_high,region_5,177.65308346453423,100405,23.454358703218496,13.3065060630041,2.159670911128251,2479.2785800097213,2.380133291583763,0.18956694335108956,0.4737694367244163,0.4164691721585788,0.48301008035002996,0.4814106628529034,30.093362305937056
1288,coastal_mod,region_4,46.3333930456158,11340,47.87693420395383,86.29530268368104,7.669253533036564,2286.875544077311,1.5723329140590052,0.1717454170546252,0.4229550324939564,0.5143455580101974,0.4286406310893743,0.4683071872667167,22.519602166998325
1289,coastal_mod,region_2,91.0747954783161,20703,31.356196336494474,11.77265804768806,0.022650719629898397,2139.3241795125023,1.2017522272732066,0.1769568834845721,0.5348985324045701,0.5043733920960106,0.45235932820196695,0.42449246341378377,22.049159179180748
1290,coastal_mod,region_1,266.63864825443,5127,37.23610988152758,52.207114804290875,5.400316854754057,2589.0084906515485,1.008817523888315,0.1495114115393969,0.5469730225308775,0.5246913499349979,0.44067359604939826,0.4987895863329778,24.63175281481916
1291,inland_flood,region_5,163.22942744469324,44288,22.539146684407626,34.567648060310184,27.11844224203632,2028.0350568631259,0.8273129604552378,0.11117804478053217,0.626051226390437,0.6208785078094939,0.5024006181955532,0.6145667101032019,33.87935226456545
1292,coastal_mod,region_3,265.76660854326,114923,21.162401345057834,56.728371313053636,3.663720461460173,2331.588312738796,1.596693442935065,0.22536264251961605,0.42661898709552015,0.3265924178952426,0.335891867795503,0.3689083533794129,18.103206785319166
1293,coastal_high,region_1,67.57434125385208,39029,43.238477765291016,40.62225137595774,2.540346242674347,2038.9264264417757,2.4667588687133706,0.1157954728956726,0.4526768130070844,0.38494488638035684,0.472231394517049,0.5169235158259334,29.014525613875946
1294,coastal_high,region_5,99.00730297459981,5364,37.331763315789416,16.047496160244282,0.21448754695340477,2977.292108824151,2.305866976310006,0.17122260879328316,0.4199783007610005,0.31188619390341144,0.39680686116113206,0.3822315400720342,16.0406586739522
1295,coastal_mod,region_5,141.2856415370451,35850,16.636272136506513,97.1287889997379,7.916907879029075,1996.5892422139798,1.7604308152986259,0.14603296714693317,0.6210082450867255,0.4626137326436406,0.5825852786301214,0.7164270559531005,38.80709774077827
1296,coastal_high,region_3,144.02402255836287,16095,43.68969049304765,24.570607662259903,1.7425074843550892,2182.9385670813144,2.718760635885812,0.17856407270906444,0.49171767063053895,0.39474759425905825,0.3942397089356715,0.4319957973280019,31.569276101780865
1297,coastal_high,region_4,299.29439015511014,19989,36.969309368378894,81.2228618061832,1.1849803767514655,3258.4744036450284,2.0550316215611417,0.1210955769753588,0.5870192411572126,0.5215312945053682,0.6570894083999005,0.5735385278493123,37.356367981194325
1298,inland_flood,region_1,34.33359569133903,29770,54.96868186384847,139.24567534631808,21.17061592012426,2209.2864567297775,1.445968976195947,0.20498241237614004,0.4172434599177387,0.38044768321693784,0.3920813434549931,0.4717180096949497,21.42084966200616
1299,coastal_mod,region_1,255.58951068047722,27001,42.972830432371545,44.47968126100868,4.694584625291081,2541.9835016121215,1.321835143762477,0.21966410184194712,0.4309447118711031,0.32635937644865814,0.2822446433849279,0.2902069865743374,8.953236716904467
1300,coastal_high,region_2,259.10461182656104,23404,44.051754579790284,26.54226091568033,1.484671392022516,2781.798473162927,2.505954609178019,0.20001382290658803,0.40796610158459357,0.2996738999347075,0.35960894362013146,0.38609293564463953,18.147199830317255
1301,coastal_mod,region_4,165.9595894613362,13099,26.357186217254686,12.957117673976546,1.7225360173799107,2167.397221433701,1.6125717406018285,0.15809980446703137,0.5872326534046536,0.6318158625397343,0.6187277023591734,0.6623408743293309,40.82209719549456
1302,inland_flood,region_1,103.21115047774613,19943,52.54779889588514,137.94585502826425,49.42685201525004,1916.118797583121,0.40688247422421275,0.1305703689138681,0.5097190206492985,0.4167733663061604,0.43977535635811066,0.45420047797460195,23.854851777703335
1303,coastal_high,region_1,155.76783128648884,25121,18.301012667082105,14.79579387550259,0.03836779206895924,2911.644074182668,1.9101318595219632,0.29135513895969156,0.4507010196566102,0.4172164043038255,0.3991468502999099,0.4925676049854735,30.830592671140497
1304,mountain,region_4,87.74031144196914,3647,51.04661505665315,1154.5326871672946,149.93731368345527,2966.2595211191465,0.5336136251068926,0.6698914259476708,0.430644254113632,0.2842155955206181,0.3988069813506644,0.38074873797648534,20.66979573789718
1305,mountain,region_4,239.73223453198185,7337,59.331056578274676,3229.806232493494,69.85373293987541,2365.908126037077,0.3653858905122337,0.7985362424165224,0.5430756616941063,0.5269904537788757,0.5762279460644235,0.42365576996993015,31.48324813575838
1306,coastal_mod,region_4,149.48374761309904,28902,59.7354214937874,95.90838649287139,3.8417771844895183,2925.3900026452807,1.6637944950186967,0.16825686057749242,0.4633991823787272,0.3588047883399598,0.23560283103879887,0.3576134114423885,15.835177854845867
1307,inland_flood,region_4,277.75265366323515,15638,35.498746116407276,29.53348160658426,67.0866900830244,1940.8044350867572,1.6206315565360199,0.14737124739091484,0.39537335543029084,0.4501048854748097,0.4899957692354231,0.36550084288312434,20.207280308658394
1308,coastal_high,region_5,186.80740330681314,10176,27.11479595053421,24.674363851618054,2.138335030780252,2042.396622044011,2.122698248590284,0.15967431132332158,0.4437640362421741,0.3851937625510902,0.4471992033114754,0.5462734459590305,24.12970800530057
1309,mountain,region_4,154.295799934405,24104,59.92323444148939,1241.993220111896,136.62708488425213,1539.2386295030115,1.1562469996099138,0.6954370204625475,0.4647574571016608,0.477502942458987,0.48298316652789025,0.6161925698636382,31.52991457313511
1310,coastal_mod,region_3,213.32080619329568,2462,51.42581499305319,103.92776262777907,7.530605894932409,1609.2786212422357,1.8453875953072232,0.1731056502515372,0.46470426400559545,0.4746433078639544,0.5271251614345213,0.5699716090363469,23.457524872088484
1311,mountain,region_5,151.17988932907028,6622,66.48911173707805,2249.870696362435,52.70133971596397,2193.0941037137527,0.9624995100548279,0.7537881375989886,0.47960166726738357,0.38013198908107565,0.3230368211560054,0.549357504891769,31.820014038331323
1312,coastal_mod,region_2,271.35190512583415,13411,55.2621844627342,61.64674222247805,3.123198769806197,2118.793692610526,1.392406080525488,0.2849224113799884,0.4711704350253027,0.39828219850940455,0.38876471298449944,0.2971526266352808,17.741074748380704
1313,coastal_high,region_1,55.33378826605239,41496,20.283700577041568,34.529462533592394,2.060450975887174,2873.0398550719565,2.1262936216773727,0.20412349378767095,0.46346538858788466,0.2989056596756924,0.4383267125853195,0.3835266118510947,16.840359172573127
1314,coastal_high,region_4,292.0046051237717,60204,41.39358039266851,24.33093498504188,0.13507282629124395,2588.5567858984914,2.3612676646614923,0.17620451058098632,0.5183610004431481,0.519949766679481,0.4680877514676305,0.4928724726824547,31.14378846662931
1315,inland_flood,region_2,243.6571655553576,44418,36.99695064771302,81.04726338146628,63.01669437075787,2253.0113103902554,1.2624082150097742,0.18014491121228438,0.5047662352023512,0.5029538821743558,0.32993155428714344,0.5626908483644856,18.99971290879955
1316,coastal_mod,region_5,258.2200085594609,12457,46.419301254299704,33.60279953371988,0.039067520009981926,2215.7124914179894,1.538541471811754,0.24254363646540517,0.5875712514821883,0.582584015762003,0.6332345941160387,0.640210003280323,29.637937344273766
1317,coastal_high,region_3,144.87234971132133,61569,37.38045035265568,43.321346194074586,2.742265428802601,2605.4085704507465,2.32823892274506,0.10220934102800966,0.44301204441360265,0.3083764173098476,0.27748980913696,0.40936322267184644,24.369686382120562
1318,inland_flood,region_5,251.1604648012792,21092,40.188548796622925,95.54952082009991,63.09016698449617,1826.7455377974659,0.9846391296376136,0.14247492626236807,0.5633056799709342,0.4456241713252133,0.4796449141770328,0.5329803597987985,27.427094150905152
1319,mountain,region_1,92.03222507316154,2120,31.244797743272773,2018.522820262491,97.85990069579793,3111.2942301989065,0.4221136424781671,0.6386879975453993,0.30872088901726674,0.3240524270212186,0.32376743996806656,0.2234727264890468,14.309076552091256
1320,coastal_mod,region_4,228.58445356925256,100753,45.524993657766764,82.49799061837474,3.431207778409801,1663.980496197702,1.669314916626979,0.17933012500357765,0.568084806750966,0.48642368905905936,0.5510583801653693,0.4926005643408442,35.781459228424204
1321,coastal_mod,region_3,42.13504751670679,6967,9.4773161412661,24.561156273772852,7.904198148371291,2305.4586017498586,1.0146124641155456,0.19282294247493253,0.462046413651209,0.44145857125171634,0.49333051375691267,0.3415204945062261,24.945356555428916
1322,coastal_high,region_3,92.11557478875261,52973,34.09063906551568,2.390106454921889,2.2095352000784168,2527.339815300307,2.3858156926257466,0.10026030955489598,0.32367839437706547,0.2690390368364652,0.27253197988070826,0.27802485087796364,16.26003490114505
1323,inland_flood,region_2,133.71979900791985,24636,23.1446484335927,36.78876706483124,68.43757745083352,2234.52637925135,1.2267209949978863,0.22237448996036935,0.40993711827969137,0.4458024389848782,0.4450637342117007,0.41413635044845487,21.04937873509583
1324,coastal_high,region_5,96.69591544302656,46540,39.2721394222122,30.22207583046675,2.4761549707043926,2591.66823953766,1.8578703686527822,0.1145657338806326,0.35983224551829707,0.258650566016608,0.2929920216819262,0.3630325286570207,13.26283566592035
1325,mountain,region_2,116.10513468725509,6341,29.338983158095278,807.4521865110506,32.6249919945362,2404.321852807949,0.7176597628184537,0.6964952963553532,0.5484784464087976,0.563736735345908,0.4976945572523555,0.5913233926117362,40.36397242695882
1326,coastal_mod,region_5,246.0314234351094,42693,19.750885657713336,32.55641482014393,0.4374750804980785,2106.676132191601,2.0364423654169235,0.15652740087071557,0.4488874291438242,0.36087555852925113,0.39414826332487907,0.4184525125177223,19.63519538130157
1327,coastal_mod,region_3,77.00276764265027,6321,25.877769660241828,21.821196805959172,1.586919885760933,2687.639741446199,1.3761553286391854,0.23007786020576748,0.380857182968633,0.29856747974953807,0.20674369807621984,0.3225829165113299,10.342312265135403
1328,coastal_high,region_1,223.58435164637166,34226,44.00096168800453,33.367073043286126,1.9656527882611954,2600.962354024116,1.8339358973696447,0.10765288696133568,0.5242743977958881,0.49773317391943184,0.5435991450696864,0.46111005662146315,36.94363785245506
1329,coastal_high,region_5,22.113620733495555,21862,41.481361501495606,4.67472875024421,1.8718475885982415,3387.860484645389,2.440263771913912,0.16464120147786793,0.6124848267561462,0.5184519360446281,0.33961929155649717,0.5752134751067473,32.16499229393463
1330,inland_flood,region_1,229.72173225451823,10489,36.55283580003577,98.08015999946315,39.50981328821461,2081.6741244882605,0.7681974383280457,0.19039613361875712,0.41131293663851776,0.4031772510632309,0.4259981866935626,0.3858917582625068,22.56208130415963
1331,coastal_mod,region_2,237.6069728489319,31038,30.149624911651212,62.107446675431376,7.783990105395679,2207.6159442790645,0.8238427932637713,0.1794710287806684,0.42876129329196244,0.49997633448592416,0.4553669294238613,0.46599799670784764,26.87426897271849
1332,coastal_mod,region_5,120.5096326507446,52155,51.710156398798,82.84235948463663,0.7448531370249984,2149.135564050947,1.55593086441394,0.18166729276505555,0.48422211894773814,0.524795784545934,0.42765310884834545,0.5554890237836881,28.332476069690294
1333,urban,region_5,216.74334695024115,218391,16.49091147921918,194.58916837128058,11.650801841573644,2269.2740699055535,1.0250146552650614,0.19135700340871425,0.63117719533458,0.5599297812168762,0.5256579477496499,0.6613655495726408,37.84324619436185
1334,urban,region_5,274.5415211235297,428655,33.126555778414065,2.7004937656958194,7.213156795278652,1923.4819881278381,1.3963565026667315,0.12230941101073087,0.6053918376643878,0.5944692510214857,0.5017141793911903,0.5155046223713781,22.55342410189824
1335,mountain,region_3,240.21389206635806,10350,34.59371421117775,1443.6335910554844,80.26010399670338,2472.8711995195185,0.6561929885692908,0.8087376947167818,0.47695371570988043,0.41733609277726486,0.43974641614572335,0.4374157746264404,37.294032444093034
1336,coastal_high,region_4,117.13395311908796,16261,43.661073020224535,41.24978421990928,0.0766949795846954,2603.2548056431274,2.4121612582809058,0.14513825984509648,0.5672145648431576,0.4918043660159774,0.5040521456229685,0.5701524822958745,26.558492965365424
1337,coastal_mod,region_2,145.26405428401932,17919,25.138203274200148,23.04288259801408,5.822397132961767,2313.8366947428162,1.4550494973817807,0.13819623719384275,0.3936937357706159,0.34788469136749633,0.23878225223023358,0.19177222882984252,8.929435821519982
1338,mountain,region_4,233.80726343574162,7558,57.9475794012425,852.8256690810965,122.58906129203693,2575.015163130877,0.1232374233123058,0.7817652580109288,0.3328601346168202,0.224844156730147,0.2832424531215579,0.21403224105678034,11.98145689988126
1339,coastal_mod,region_3,87.77837695473707,12615,41.058149617734294,27.848774956074866,2.551659974309432,2340.6982080643697,1.5146037622113764,0.11894136144874484,0.5363819399540104,0.31063996000826793,0.39532928090118125,0.35775943832934354,24.285233917550144
1340,coastal_high,region_1,241.16482209266206,53403,52.14499757202498,37.74772331658817,1.5508886117875371,2637.961898469317,2.113080601470883,0.16665057260466437,0.27483877418005387,0.34331266404549926,0.3552397955129857,0.26011434372091996,15.40476095048617
1341,mountain,region_3,98.42134276828234,12224,30.659414578738485,2138.379698557545,102.77305478818349,3184.471746174687,1.3250152926572416,0.6999247454901849,0.54611642987678,0.5003228798204534,0.4714424926575915,0.5719944587486399,40.38943548092386
1342,coastal_mod,region_3,241.79717471566144,6170,26.3866241415155,14.699249588281148,2.941161942908959,2347.8990856638693,1.5185623547047553,0.27620971219752116,0.43739883887970515,0.43155058411867675,0.33720681935435853,0.2902498825968985,11.098168179467047
1343,coastal_mod,region_2,26.040133005217005,5876,24.07118428313098,56.124491295842994,4.924656049274893,3112.095200925765,1.6268473531259044,0.2663793363276484,0.649884543328726,0.47671765023576645,0.5699984916600237,0.5488936338768043,28.373087912341216
1344,urban,region_2,13.31918907317704,346213,6.568970057172336,81.4515137316591,6.5119058912512156,2114.9554225697616,1.0868377596937226,0.14586173366813482,0.42636556609205345,0.43453753364124276,0.46474286939692483,0.38724345206160776,16.339337670991558
1345,inland_flood,region_3,299.3026342109467,9393,21.85258403954398,39.216407112495354,72.6841913297241,2287.6739877365526,0.762979674754611,0.1766542929534854,0.4146921314052898,0.3705302414168843,0.38562081266345666,0.42032593397570894,15.136302717535695
1346,coastal_mod,region_1,260.83713697040673,28046,33.06315611923322,19.661159826009758,5.748105813524915,1945.8827770688617,1.3923052006818304,0.1505916005660287,0.46840124780417247,0.5499393851270052,0.5869366312085793,0.544849878102518,29.460337423011804
1347,coastal_mod,region_1,264.85425103986114,41140,26.40195997359141,17.70496377582777,0.883999865148545,2690.2762393589564,1.2918151619618452,0.13286864217407354,0.4840522317937072,0.48889334912780086,0.5486888679723546,0.5690148737612749,35.7422175889107
1348,coastal_mod,region_4,285.38398428198525,7968,31.894548965686393,20.608036014864986,6.396825469269968,1953.5006221289357,1.8014027156630243,0.15632915553280116,0.40723775705404064,0.24934878563205592,0.27943751132374484,0.2924443281645311,18.715470251322518
1349,coastal_high,region_2,131.49489282434635,10194,30.419066439787013,79.81638866081762,1.0125168941850267,2782.351207182438,2.154004282383002,0.14931613252759757,0.5351547278813917,0.517721793692846,0.39767554260658805,0.46964658007332344,24.01348044872597
1350,inland_flood,region_4,86.05066640404566,68840,28.45006915724439,245.80511486533976,76.13410532192052,1920.671839530762,0.6325534750048816,0.07811244360687372,0.4316597599344439,0.27917431823091876,0.28571000464039553,0.24714380495529617,8.256391812804814
1351,mountain,region_3,39.0074985053709,13580,45.98634677508065,2657.7314961171,102.4045535733664,2626.0038985584415,0.6517257258934018,0.7579771673340453,0.32748756147971375,0.3192620619455784,0.19252233358124,0.42459404722048744,13.543085388677135
1352,coastal_high,region_3,150.36274006153937,24901,28.087654962457364,19.852092316245493,0.08273388192238929,2506.081505251404,2.4895153253842017,0.14822018700582837,0.5511070415914856,0.5232091679367752,0.4617153337227586,0.42551624984310554,31.040214891779947
1353,coastal_high,region_3,66.01449614298235,15669,33.539367571603975,68.16490332035148,2.203088115303179,2284.2988424315135,2.1498227967211223,0.16675971009177115,0.5649519233279654,0.607950906447703,0.5843008967572121,0.5524865944883744,46.351451734689604
1354,mountain,region_3,280.6652570217959,6251,26.572088839934626,402.8167112813674,45.68812427652557,2264.203855101108,0.8337864696150716,0.7029181241383448,0.5350894743673773,0.46412120713108385,0.5532830807144192,0.46439241960371946,33.781440363991955
1355,coastal_high,region_5,1.2009487328337287,12437,27.764241290615786,44.05358116860598,2.631802448871836,3216.6320496566586,2.518056270765339,0.13272605115954186,0.6005856641888949,0.48136911125609844,0.421175044238543,0.5709261373728388,26.819818114823597
1356,coastal_mod,region_5,42.95902132293647,44655,38.84111482917365,26.352420795204313,7.586642460459218,2363.5466939768016,1.1255710433403374,0.1941899699019503,0.5012772574070206,0.35483885403527576,0.4605963629707709,0.4820950330887376,24.86987799749312
1357,coastal_mod,region_2,73.94275592502804,11832,44.598340894188404,14.809755469523395,5.562046824234735,1748.902489542304,0.7294471104718008,0.17690650543206557,0.5173001706484128,0.34152353024586346,0.3871744352310961,0.3547014449356317,18.771728565212204
1358,inland_flood,region_4,59.687013477958516,43253,43.205843471380255,87.81299711937987,51.97236660295663,2328.614810372018,0.7441400060930073,0.2212834421954769,0.5178351512498753,0.554422908778542,0.5535656962550753,0.6479112527649112,35.608410530231865
1359,coastal_high,region_5,67.73353097391309,25322,50.064779717790195,33.51880385467141,1.8061890234989402,2243.3943278690886,2.2726267265639026,0.17530182522093038,0.5127955491590647,0.39489021889585296,0.4384539614159873,0.47212945071779644,23.84007051453292
1360,inland_flood,region_1,196.81428151835354,7826,14.15400756743755,95.79354863207524,45.73131027175594,2223.0077864174455,0.9251465438985731,0.1417353516972185,0.49411805691634325,0.31286748126017216,0.36801250454267487,0.4236766743418461,14.22734752848044
1361,coastal_mod,region_4,98.25362349394476,15661,27.230808632100654,64.8128313867684,0.668662256116721,2393.607801658567,0.93187111397467,0.1819315766388836,0.4516279743367122,0.31601109665176597,0.39702255570599865,0.36406978451724864,17.827474986419027
1362,inland_flood,region_3,184.507314571012,2209,21.330098111677845,84.65193028758257,75.73060993005899,2184.893139875406,1.3048178594054654,0.05239710384879792,0.38715017767861176,0.44234875989453504,0.4498414607121758,0.24613937900162372,19.67504618845856
1363,coastal_high,region_5,267.07738009388737,32575,30.917665205740697,22.931261341144086,0.9875596042633268,3341.275666467272,2.2490490838253345,0.2555707591459075,0.44537220044246983,0.3947495419275881,0.5261476852000975,0.4505749177986159,22.178312561289694
1364,coastal_mod,region_3,180.76702965771062,19223,11.183386146132133,43.80818445279956,2.5027821896032236,1909.9756762842947,1.5167044084140475,0.16445788759653543,0.4898952717333547,0.34974104075336787,0.4057476883303986,0.33057389702652556,27.02107992942964
1365,coastal_mod,region_5,208.35983738591443,42607,23.981933313663166,74.1410815656269,1.5305982066625887,2413.77817156039,1.525883077935011,0.26047327776683016,0.581719373481886,0.5830435709781101,0.4947809677131538,0.5642426765811052,29.336260473741998
1366,coastal_high,region_1,109.6509894664072,6649,33.50077956092717,30.885558908300123,2.9772247465033868,3103.8354449729545,1.8104427262450318,0.10705367100864077,0.3855030385665147,0.25757311568780555,0.23821326763944928,0.2784749748558894,14.435124043657694
1367,coastal_high,region_1,47.92154028681275,103329,39.87908063242406,17.287439593831202,2.8276933118408745,2342.663319350051,2.2908636749288473,0.09440930539067874,0.5375874147207675,0.48547272030027405,0.38033784067627024,0.42506734261152584,20.40322926027155
1368,coastal_high,region_5,96.17521873497184,76003,42.930279976314,13.626584337538961,1.0482971095612736,2301.6985677940024,2.472236134960602,0.1685214942031022,0.27970178090936476,0.23615542873032105,0.29218637655578994,0.1518628557171813,10.183486248127261
1369,coastal_high,region_3,289.2847946112324,112065,26.02107216881551,26.116070193120024,0.780016142834728,2485.124984491026,2.5420930691111963,0.16856721767482913,0.4011844050623163,0.3460857677276613,0.3930407676562676,0.4004907701189972,13.689440357010216
1370,coastal_high,region_3,186.54341533594112,34632,52.527032247873414,60.898566830059,2.4161085890470804,2729.893214328827,2.416378997503886,0.16793937003183348,0.47970330802570854,0.6201672044834784,0.5826534353816227,0.5127234897377717,38.62364423863425
1371,mountain,region_1,83.25333583020455,24649,62.324272638475776,1572.5188260313892,80.71320602353674,1694.761863019524,1.0539388975776074,0.7358138279463494,0.4011013954714256,0.23247706920043176,0.26018387901555873,0.34509694161774057,21.864901331535727
1372,coastal_mod,region_2,135.27458014863114,6788,56.208924597778285,105.16353636558897,7.742304400705142,2392.9906968004107,0.8787736205688756,0.12036785792915505,0.5629962185598893,0.4345150646619392,0.4474758338031793,0.4228619869928521,28.982381608209852
1373,mountain,region_5,250.6539112292983,18802,63.25014818379825,783.4051409136275,138.14600755312023,1695.8066291271366,0.8955196041667589,0.6389453282809692,0.5004470497087296,0.23436177715072887,0.3680770178771874,0.23729010606775114,4.4911731300394795
1374,urban,region_2,200.53307121173205,168940,18.30909200869423,38.95993770350593,11.391770133902888,2487.999247742234,1.0130276951690662,0.1648146364302137,0.6103966601786984,0.49177317451194813,0.4488519906126843,0.5817279383933411,23.34761850026117
1375,coastal_high,region_3,168.19585221875047,8215,34.558639298858274,32.50811321455325,0.2697728703431006,2805.5067312360493,2.584650364583908,0.08641869040715973,0.4770161173155482,0.5360339693663858,0.48892196034133073,0.5591109333281663,24.834404093723805
1376,inland_flood,region_2,265.5488629901523,7337,19.758594539444264,122.44575268532603,62.12766419333002,2573.9419616406813,1.339113847713115,0.08321488751279987,0.5667408332836085,0.47425837323345255,0.5429360022267377,0.4562036676883708,35.76909587569993
1377,mountain,region_2,201.7318716650371,9946,53.08066547461496,784.3507926193435,148.47052642330507,2734.391880304649,0.614841356783942,0.6941974776728758,0.4405794745901009,0.3500009854291126,0.37125742381566923,0.40174440603137257,31.942110496638932
1378,inland_flood,region_1,192.81891923732863,9325,35.53935104481457,104.63670590570806,42.397551979026005,1908.5718646637024,0.9862065448881954,0.1732977795802342,0.4992643835882524,0.3901949202299543,0.36591753158215246,0.41987365310874003,29.472378447395947
1379,coastal_mod,region_5,56.93044116323044,29758,53.98309138529835,97.6397810155195,7.0525520243945135,1920.4630026738178,1.474552833052132,0.25103478019371406,0.43865858552542975,0.3514015022283483,0.29845968500710174,0.4600467774208157,13.586665478684557
1380,coastal_mod,region_5,31.916604903722334,5184,23.813211285192327,39.846276247998595,3.2651347147695464,2283.611870327252,1.67023737724671,0.19963502298032096,0.38727192804416266,0.4452816481006893,0.4457377567661427,0.4217502269739946,20.089670349098647
1381,coastal_high,region_1,289.54263511721973,5354,38.342561946813,12.18017657867518,2.913972002128145,2587.89976460885,1.697314525039764,0.2218663134311184,0.4718050742071141,0.37059150500678056,0.3513681799332376,0.4844121696430552,20.239054335630485
1382,coastal_mod,region_2,179.6575110301058,66033,28.66524189796296,99.88126623988461,5.228730972700454,2615.148662207047,0.7371133058487103,0.1843677081897689,0.4930519908196725,0.42505382370858713,0.5172666382373825,0.447984948718175,20.78035241542207
1383,urban,region_3,124.70502274392872,461519,16.552767950894633,55.726975848154716,1.4475072437068914,1821.4143550935453,1.3114445532522465,0.16928259183798067,0.76791104424348,0.7575406241620254,0.6478088790935166,0.6033978838319467,45.66605748405748
1384,urban,region_2,176.70624627306526,142974,42.26962259059641,9.369560108649607,7.185686081919348,2706.2706001382935,0.5405749532873709,0.27544754521787007,0.5284417329239172,0.46845885197842846,0.5087272153900053,0.32178740867363687,15.025112182413022
1385,coastal_high,region_4,18.543588321514616,36217,26.043914857189343,24.34288420337161,0.1491862601931533,3109.9107766859975,2.2475717229436194,0.08426779281871814,0.3476179298709612,0.3205764312458833,0.341709595581537,0.2563731576328802,10.672112212039533
1386,inland_flood,region_2,246.63818217123205,40766,29.250115850421814,221.39794511694424,43.70454342116649,1938.9429109228568,1.1776623320748225,0.13307264038844327,0.49063960838906195,0.5107334163945991,0.5135980525513338,0.5643674004479782,24.515297835625528
1387,coastal_high,region_1,64.9936606693008,52959,36.126987612424514,37.043509542998486,2.7461436424232435,3319.128359055048,2.570823972498332,0.13386579713512164,0.5085367891891945,0.4281912283843968,0.43681429319798554,0.5068224382615085,27.36979004676996
1388,mountain,region_2,241.3638018953841,11309,47.55095761916871,1043.1775756713737,57.8642633377635,2008.4359524713636,0.7132295246232022,0.7622723595370182,0.4575354819158871,0.38725024816721026,0.4317856201327986,0.5200382927042354,29.652027110428882
1389,coastal_high,region_3,160.3135329790832,97308,30.966129523642426,10.853417696630236,2.8517033342451708,2682.2359159660914,2.248354493840547,0.10124421872469064,0.4609522591457976,0.46638482789679603,0.4057852633027309,0.4397416124411263,29.543962704000958
1390,mountain,region_1,82.97160409707082,5127,48.32525507387675,433.0480257630241,41.990765356216855,1761.7644742151729,1.0954529518980973,0.7454753827388014,0.5091969471727114,0.46960170360383485,0.5021861225876284,0.5254832219205331,36.46311785773136
1391,mountain,region_5,9.062984472621139,10178,37.75849330673819,1758.8437022204473,109.77738564890056,3323.284628150705,0.5472839974756928,0.7586476139379686,0.35212316231962293,0.22372635229118532,0.3831777016931873,0.3652018953035347,15.16206981427387
1392,coastal_high,region_1,244.75000659798172,35736,49.44841882972724,11.725085020971825,2.8970566684515036,1941.0452747676088,2.4746043393254795,0.19086513012761336,0.3811197115300621,0.319491422450707,0.3257600168217186,0.2377696266169112,8.553242353734419
1393,coastal_high,region_1,52.938042440791996,28410,20.779097592707497,32.678503755370464,1.9624607211997527,2023.823321495137,2.282302697568295,0.19031231661619108,0.5739109247811066,0.5172514166079651,0.6451645238718754,0.5416673958892831,36.50830576441255
1394,mountain,region_3,15.541534691962033,6968,17.363679923307924,954.1283562094878,137.88047445063398,2082.6434464693984,0.718366100788257,0.7930085626495545,0.37703824269840464,0.3450590187226654,0.3855345411365204,0.31515396575214827,19.34751114595244
1395,coastal_high,region_3,226.76331924776426,38776,31.67202512002923,31.276212190286422,2.9730914239373933,3128.9294698704643,2.242414171667679,0.14806703970721966,0.43723808565376654,0.40010648854669173,0.3553082022039122,0.4467522460414736,21.02740401920317
1396,coastal_mod,region_2,105.01296671189364,22641,34.695921247597774,37.18543205677414,5.134747488339713,2534.19571012761,1.3581996544460782,0.1771350747914159,0.552779942261818,0.4871983672221557,0.5016388101000284,0.5167771492722067,25.35586622704078
1397,mountain,region_2,116.800201677495,3852,27.032693420892617,1433.6382805849314,123.87166167487284,2461.025314114553,1.1340221850743595,0.6873526575512053,0.4323643487250214,0.33530501877010954,0.3133089290817805,0.46739389667597336,27.744695034897607
1398,coastal_mod,region_1,74.1202761842157,41832,43.3263270829072,82.49039901524638,0.2558815502378966,2556.6241739085535,1.2918619729559202,0.10315155434012106,0.7599384695621703,0.6270708909587643,0.5647000371615055,0.7180631191516959,42.26339609466865
1399,coastal_mod,region_4,257.75354360906914,10085,43.618355980396785,37.66417275914886,3.4184830281523526,2159.6051963510977,1.4681271480136577,0.23887669311412799,0.5426181775486955,0.5081587406073105,0.40721258435357216,0.4866309326460706,29.649594116080436
1400,coastal_mod,region_2,89.19885783195963,18497,18.637892284812917,77.61048147522858,2.306122828039297,2347.8500727437986,1.2137205145540062,0.11070305950774817,0.35379313960067216,0.24799558171758973,0.32881730830207617,0.3700072220058091,11.136436388556517
1401,coastal_high,region_1,63.05777092530715,27840,38.61321528089283,64.95062661731397,2.47255600199147,3260.690430262446,1.9186471483924805,0.183161078268053,0.5368674407685554,0.634932571681609,0.5581453798621885,0.5793300741924979,39.028492008498056
1402,urban,region_2,92.77491790084683,332655,9.424532785137275,43.312711919602435,10.163670188719587,2026.014338038736,1.3514598375729545,0.17728266361244405,0.6198777982452551,0.5807095684209197,0.714805962582342,0.6906674355438612,43.17601675379734
1403,coastal_high,region_5,60.94487255021909,5392,43.06290679449764,43.19912201086041,1.8432426671405673,2293.4509516913176,1.9309696998944292,0.20947765251653633,0.4240868419519791,0.3535389691214621,0.4045067657327979,0.3073063969766162,28.680699420187846
1404,coastal_high,region_2,95.29656624156225,80968,20.396288721659463,8.910653293014942,2.7946760634567527,2788.1486857307964,2.440174087434647,0.0672402570015729,0.533651676495623,0.4758347930392275,0.405585840241613,0.44988991295040087,30.49329655983688
1405,coastal_high,region_5,24.88086686045191,19746,26.613286544967863,22.964535330605585,0.26660341524432696,2896.1097229966203,2.3776697596531373,0.1949476755445704,0.38954529337332566,0.4098959611236502,0.4767200845257647,0.530399469195504,18.306053192868518
1406,urban,region_2,47.5590087358375,557923,10.376269910314619,8.307600822117479,14.307619083218588,2133.1343211435837,1.0704656630968339,0.14723851786854134,0.6338863687495009,0.6594791073181364,0.44391709418592573,0.6624037038142666,39.881102173224065
1407,coastal_high,region_1,125.11586501884436,23615,36.836429132801186,16.975550374077024,0.3022941215076631,3001.352525482413,2.264134129561955,0.12029085819231901,0.4585265926212556,0.35323527970471924,0.3274935964790666,0.35566289187214717,15.023572996354751
1408,mountain,region_2,263.8400566769629,9471,32.313119163172935,927.7474524946606,71.6421056259021,2299.370431883244,0.669090029899795,0.7031067579412957,0.38629923002560806,0.3303986329531116,0.3694402331607537,0.3210459737027402,15.642176483455628
1409,inland_flood,region_2,17.187224016685754,83368,41.654245161377325,234.00455345936035,57.816419887830946,2038.2638028750475,0.5187061582594972,0.2057853219456076,0.4820489943380738,0.38339428627109035,0.37734896930664324,0.311805149636986,13.461151729531228
1410,mountain,region_1,63.80241202800919,7710,49.65324679608536,551.6318370029961,70.97714446409714,2587.287441281805,0.720832449765889,0.7458659941016992,0.3757434413403216,0.4040224200404637,0.44986145153119506,0.4339583135303845,27.7861250182095
1411,urban,region_3,272.5037026624789,564282,36.94570398660044,33.5741112051125,10.238044174415483,2186.2083114112334,1.284904951218187,0.14417009692541669,0.5896891403033332,0.5730061425256098,0.5709346037522192,0.55133877927156,31.811511586627955
1412,mountain,region_2,267.0044022479765,10251,36.22438550659329,470.0680776664639,123.05023430346797,3206.6358146444245,1.05642261747406,0.6509729191280063,0.2944584958364294,0.2617638532582599,0.28832061847561863,0.36279430657426115,10.949852807094164
1413,mountain,region_4,203.83524998878238,14384,50.34915693141861,868.5088666070975,129.42069959296072,2584.7781250001663,0.9448439791411017,0.6612212700506837,0.4625243512946254,0.3781356408078755,0.3672479135403003,0.4903627044249211,28.990652487398766
1414,coastal_high,region_3,72.1420662285714,38675,53.121922188737145,36.25913250295214,0.5380311027119996,2478.4391460314596,2.4723023845084686,0.18826306410018298,0.319319432892641,0.2673835565626199,0.19720130810732892,0.27496623773927886,8.669007929563655
1415,inland_flood,region_3,125.94316831673572,35535,17.309551828843304,107.90431458965026,30.924601771330796,2158.3945104473037,0.7056501485750277,0.08793282138205469,0.6274250600689483,0.38597940514556217,0.4758084243005431,0.5071797949995768,24.90037677287481
1416,coastal_mod,region_3,63.366298331389515,12728,25.95322012445369,32.54400277449362,0.4185122234312768,2553.097794094544,1.286990483626352,0.14464117133265886,0.45494470934775194,0.5307251063856877,0.42762712484213267,0.5570117023986716,26.444783653099805
1417,coastal_mod,region_1,38.576552737560974,10024,48.42918296540461,25.847173228002664,3.92681471125461,2470.9824045315786,1.8933100105298974,0.2844895516182685,0.4946271188967969,0.37199529095324235,0.3134059251005583,0.26726901757426375,13.882413372982596
1418,mountain,region_4,113.99951835416745,5570,48.66711073028063,2825.2796079254113,46.504034261518086,2759.4037855814895,0.3206759841147526,0.7706299538734114,0.3746711023220528,0.13234232325332257,0.3173652051836634,0.11931441879503904,10.593173337687187
1419,urban,region_1,172.74648152110507,284880,14.812172169856726,24.52603589961438,4.778954870806669,1650.5849569457896,1.1644137082222017,0.18752612279796274,0.6546880577170037,0.6452513466240529,0.6990732009182239,0.6515949513374012,34.734212945954624
1420,inland_flood,region_4,107.97980263944157,15113,17.588790737897302,8.116890757051339,70.42605915699784,1252.2462149479018,0.6785518156712054,0.09708513802966545,0.5428861159593407,0.49756788061716434,0.5687816374788118,0.5345948486375427,24.796748139187876
1421,coastal_mod,region_5,183.24736513979093,38879,28.923885367789833,97.99273391610643,7.589271541741469,2646.3425885172182,1.3413804787237762,0.09028768851910479,0.5393496967576947,0.3219612451484189,0.4262452452088673,0.2822759550232501,9.172318955847405
1422,coastal_mod,region_4,88.87642061379164,62553,18.233000361042944,6.651601070220963,6.576607578776092,2353.6001061721463,1.269665753769165,0.18990328951207897,0.4893012104549584,0.20973276234426458,0.2646010902642001,0.10056217577086529,6.469879607500101
1423,coastal_mod,region_3,103.75515832823709,10090,44.460175643483446,98.09378116060567,0.005187065299644189,2192.4479041846557,1.5806466314270249,0.13753687617249394,0.5198621854960055,0.445889584775477,0.5412273316453053,0.5540078743264406,24.643004711122813
1424,coastal_mod,region_2,237.2020774933829,12244,27.793974518977677,10.607986053264892,4.544193930710176,2443.0095597230543,1.4766561978228514,0.20885999117226922,0.42996583552877515,0.28952688908718044,0.35744029286038803,0.28883563492049613,7.594251594492988
1425,coastal_mod,region_5,263.4944192681574,6981,24.243935930236646,12.886807327691182,1.333281036535503,2874.5584774830695,1.0083147284269158,0.15737401417670718,0.3768967951936054,0.27282967475314046,0.4295385016624763,0.31487698447920176,13.143731379537554
1426,coastal_high,region_2,96.61022445931562,225784,30.204240268677584,9.81153152224733,1.1272407336202732,3165.412466338564,2.023551378046274,0.32798362315914764,0.37195645269703914,0.44892614094218763,0.30880836004844975,0.3515424360790418,24.024986117882143
1427,coastal_high,region_3,171.45474040358286,47772,44.76366800163656,17.226555443973652,1.2837568324355262,2984.888229120783,2.199964885262294,0.12667455686756499,0.46446569048270603,0.396969703411771,0.4187699058442702,0.38346241622935745,20.557964752954867
1428,inland_flood,region_4,83.44868516768041,26471,56.34796484208277,157.98218957116586,76.57644546872226,1733.982310150207,1.2218142652117043,0.17212114578803306,0.3881223535254278,0.38265549372855223,0.2049974204759219,0.22053367886664138,10.090818177742957
1429,coastal_mod,region_5,16.000392512228256,7538,17.19642921682283,16.828406917221017,5.069909855124993,1935.1232189605435,2.1298868854039776,0.11057654922566539,0.4873342915964383,0.5417474053352641,0.5711614001622206,0.5584849917305769,33.876795146675924
1430,mountain,region_5,221.3571544081224,9886,53.31753436294174,1447.3284087690001,62.118606237621094,1206.7976593161466,1.1108387366866252,0.7810150236791547,0.44461589166081633,0.39805100920596914,0.26594137221395303,0.4209840481857744,15.969321888188288
1431,inland_flood,region_1,51.3010449708451,27102,20.90226244741043,81.94363389876258,58.56769043800637,2190.054042165476,0.6962500238351543,0.17840770266237177,0.44810720302032137,0.3145650208366426,0.2857877102995371,0.3367066394058022,19.72598587058761
1432,coastal_high,region_5,127.71375712407514,28926,36.72503822667109,26.94925797463674,2.855596432661768,3043.4508789844663,2.171846423380241,0.1073950406309275,0.4383553273876461,0.40615532989734904,0.337599320016041,0.41072652262822235,28.17532020729509
1433,coastal_high,region_1,146.11364801374705,95619,30.232101950355705,51.979823728257735,0.17747737227626004,3076.071218476605,2.254292858510143,0.14001246072793677,0.4514834209993227,0.43232873016743895,0.4515406587878204,0.4944681968940398,32.1516714112153
1434,coastal_high,region_3,55.34147525373177,290874,51.644418256084265,28.64283981096949,2.4479630035278728,2870.1721885107104,2.044182738896944,0.22407483637515557,0.3750216442647749,0.2927814967936736,0.2830483839598627,0.28017188708495033,7.8648280204820225
1435,urban,region_5,28.366605199018878,152019,7.536260501114239,40.38568969967123,3.2534633357120875,2053.779942531806,1.441077341780363,0.2182666109759759,0.6524884393735976,0.5135849631151445,0.6630878818368263,0.4268245148582612,22.082326937611022
1436,coastal_high,region_4,104.40390440132118,14474,47.92583078763553,42.93234382582778,0.459323856191871,2374.2890152359423,1.5185868734798542,0.08500432628507203,0.498437455931309,0.4455899405179907,0.42254613506393207,0.44579492690316724,29.878029153323638
1437,coastal_mod,region_5,285.6857722650955,10913,58.21030147772851,29.51602635441751,7.190935349387601,1911.1223213682322,1.5659448863983998,0.13219934290834806,0.54700892067208,0.4664226713322091,0.4969986598077829,0.43188207825906333,26.561358925507356
1438,mountain,region_2,184.54067699652643,42006,65.48730042717203,1014.781651445477,30.221934839747675,2318.2875754174006,0.7570837732708582,0.8131854131272834,0.34152306251477815,0.30236762596968353,0.32716271320569545,0.3227112155520989,20.37504208194831
1439,urban,region_2,114.42306852087076,501527,25.433068143057273,43.260832804400465,11.116286105593385,1806.6521238310654,1.2670884304913426,0.14737075859547677,0.5993372545113758,0.5597832787656919,0.6214017155848516,0.6611228032758181,31.867589083005292
1440,coastal_high,region_2,11.673246232264479,32145,50.814001888788596,48.591659976977425,0.2616852296681642,3302.3816260034346,2.63971688170795,0.16499068549651033,0.44764441457714915,0.3128751111757151,0.35494457685689024,0.3669439983088623,18.447164041223637
1441,coastal_high,region_2,180.08198441732455,37530,48.617273708687705,22.94393238855885,1.853985885121849,2079.0513787737596,1.8215448473173237,0.20673357425560385,0.3839656520928564,0.446625712885182,0.4584875407682568,0.532992855079568,19.090853085121132
1442,coastal_high,region_4,27.677292280611777,17415,40.488520454943334,25.03378278027203,1.862690704171705,2521.1786892443106,2.2818157835811492,0.0888141410762642,0.5119450766004213,0.4436584083477405,0.39561957797830793,0.49915065792618374,28.862279429246545
1443,coastal_high,region_3,162.7632213142579,80904,45.450356771742086,35.5866714317791,2.5883281484743845,1825.5126346276504,2.4381764737019345,0.10861533932647296,0.4686321101907452,0.39839281993086345,0.23509954836576685,0.3799474203539536,20.151131439411703
1444,coastal_high,region_4,225.58515248152287,25798,28.384745319225175,23.283269427255014,2.467819491688646,2718.621944519226,2.2511009374858904,0.13920774760987326,0.5041519767287538,0.4569438189030098,0.4898157629605167,0.4922835215810923,36.50781939396574
1445,coastal_mod,region_3,127.0756044884359,17888,12.367982298393896,23.472797160474332,5.481314744688303,2199.1657015850046,0.9157423083439471,0.21562707938826597,0.4092533506920811,0.3508438684040897,0.1894083586446642,0.280699039435175,11.41718900669089
1446,mountain,region_2,89.82344844495732,17118,59.849386804171324,1715.1752147265336,75.66571085051184,2221.60482318023,1.3051189881903982,0.7849168655202555,0.4513655202316841,0.30522832078887807,0.48333700357791115,0.45016196541474746,20.00725142542626
1447,coastal_mod,region_1,14.215270145279579,18950,37.61512858497471,47.93539156315035,1.3312459763805613,1873.525856889481,1.336593784878093,0.19179680933203014,0.4692247385948799,0.4555922505881998,0.4075566152425586,0.39103665662148307,24.03970955398034
1448,inland_flood,region_3,7.433362548479039,14943,46.52479951555835,50.20383827882139,58.14097556595708,2000.7385506762848,0.8417377449765915,0.14888875376048494,0.448055886238339,0.3932027744154279,0.3936540912354414,0.460945762762951,27.89934290276156
1449,coastal_high,region_5,129.00797089365636,36662,46.40806696048642,9.794124152514208,1.4909093961237376,2382.215643994305,2.106855135342124,0.211643677168331,0.5095759178795859,0.49499052209937583,0.6374866518435613,0.46335554229332765,29.123663806275555
1450,mountain,region_5,265.0035812108904,20248,38.036260930009306,163.63139797420732,39.35307147376649,2331.5660553166654,0.785356082698325,0.7001275888273902,0.3846547252881411,0.22524523925690434,0.23146556594754203,0.27749303155938837,5.948979132158768
1451,inland_flood,region_2,73.21883363795712,67318,32.575703223462085,98.40878670836275,77.33371342813116,2587.2290005753975,0.6429460981750672,0.18555818920261102,0.5663859403070887,0.39297114959058493,0.4542828533971569,0.3730713887788967,29.870468730508197
1452,mountain,region_3,172.2166517345464,16763,23.752028407744152,552.07487840606,67.73034238941747,2486.0886079462844,0.9494851758231955,0.7599133894584763,0.4885781227289169,0.4980083060129089,0.5260048403306757,0.5358220769273501,31.228469436438985
1453,mountain,region_4,205.29174590392853,20393,59.96563699000676,238.60199742918968,30.256891799076637,2666.4336039870163,0.7208300976257997,0.793865327673158,0.40206910552865116,0.3783748609298084,0.4160936173085411,0.29286702518586294,24.442908151020085
1454,coastal_high,region_4,18.24896025040843,30337,46.947760551565395,12.408133162005296,2.705070911512325,2414.214089727802,2.401266481644949,0.15239304962150527,0.49786554589109305,0.47157382927975167,0.5514824882741249,0.5423528892517909,28.17585733180902
1455,coastal_high,region_1,45.93011274101313,19206,39.50182316623897,32.33471164597327,1.7311526396119992,2286.225796130095,2.3552786480845542,0.1374148547381111,0.4261792364513303,0.38231629433948433,0.3075661632118231,0.3729964222692896,20.152753390681394
1456,coastal_high,region_3,99.38303802587012,65420,36.21695733286941,13.686561834097192,2.1991820206509525,2590.816914620541,2.687700823529143,0.21998460930560032,0.40192991266476497,0.31479880947111405,0.3388896622504112,0.1868963952068564,16.54077577679326
1457,coastal_mod,region_1,201.02795224457114,25260,32.57412231594117,54.685875768167456,1.2213299223630782,3076.3741016982785,1.3365100569881958,0.22451497535604142,0.6252053219615051,0.5953526797504436,0.5188505069264622,0.6270859203634017,35.11168930203835
1458,mountain,region_1,131.71053366842906,2750,28.543597951102086,650.3873298688394,78.55268088312502,2256.2861525530197,0.6590250746865551,0.6888008798375291,0.5102302154369645,0.32040332815829975,0.28085796293166293,0.19416635791538495,19.706230639382742
1459,coastal_mod,region_4,220.2585204654736,16941,49.63462131168664,42.0799327254524,5.160489838509972,2326.5032311776877,0.9590772994541854,0.10045804466442113,0.49573627163354134,0.5402897946991707,0.49252496775947147,0.5101625769751368,28.874108137451525
1460,inland_flood,region_1,260.27935967195776,16876,74.99167374222098,71.84340968877655,35.057882489790614,1751.480445472838,1.658003015822444,0.21716345322821384,0.6090644074757471,0.5468013399774632,0.4399993212792135,0.6323137474552172,36.339044869911476
1461,coastal_mod,region_2,227.51168297956286,14641,39.648980149135525,68.80346615058394,5.611991561473262,1235.6547865593875,1.5986323989548399,0.07407408874964919,0.5743215006974259,0.5677264386220677,0.5583155666179186,0.6112785370287407,27.919345625032857
1462,coastal_high,region_3,297.6741621939747,137800,37.26460525419851,42.195150886713996,0.7008447680216272,2284.0674672273376,1.9922740236460628,0.07107160313048591,0.4888773617954919,0.4520624936027689,0.4463790213134782,0.39566506342705443,24.831865919294778
1463,coastal_high,region_4,226.3083206194949,55929,43.434739821618436,25.88540557351321,0.6273834814196183,3552.2838109415047,2.707946526780141,0.14202183434567348,0.4348225650706224,0.4048478258739231,0.40951397933750566,0.42924361462643884,28.523922649467206
1464,inland_flood,region_3,255.65375850223515,54097,53.268878171547364,30.213436239348642,20.69747901562297,2178.61708841743,1.4068487151658096,0.15563157358070434,0.47954170153923925,0.34614690370038376,0.39277000906773535,0.471307592820138,25.89337302464419
1465,inland_flood,region_1,249.70990753950028,22264,16.02418052241542,148.90755072389268,36.91440472119841,2492.2772603160356,0.5946167492634589,0.09951390575951208,0.6287266805698474,0.47528614725733825,0.4669259161581712,0.5702955942210429,30.71039095006023
1466,coastal_mod,region_4,219.079728684014,23508,33.49436035041662,30.854482605116495,1.9738943362385468,2078.2972177738084,1.1739575374748084,0.16161361677039537,0.4234281565858918,0.2803090814484719,0.3884086450248113,0.37680428018433776,12.759290761448709
1467,coastal_high,region_5,240.54054499676718,15631,50.234178729733195,1.7713652913871334,2.2930696700410444,1657.2675584973356,2.1603025464518892,0.16335338074660302,0.3666058463204738,0.4015143192877724,0.2655471088672875,0.4803072596445407,12.503417992272722
1468,inland_flood,region_5,280.40496836022305,18206,24.1080422394264,83.90090588850506,54.18259437007524,1667.3872989612664,0.6789744711994115,0.12739570013219043,0.4750180785156552,0.38028123150953075,0.40090948712646746,0.40428075040307904,26.215708672432548
1469,coastal_high,region_4,142.5622135578878,36744,31.4573868531603,32.3961688501734,0.5334734511961695,2758.8099044176674,2.171026161126744,0.2522196112972602,0.4115755166750792,0.3802777889005936,0.4017855571747428,0.45331661132373713,25.922078899760475
1470,mountain,region_3,191.48610717376306,2891,37.57124561006956,764.7660779190094,98.17529651386046,2518.8069304682253,1.1135885839319364,0.73438680712667,0.4887771478692006,0.4861896668839023,0.39322597000982185,0.47566751927483525,33.99399064577013
1471,coastal_high,region_5,154.4819164718318,22346,32.43912317671333,6.404050001446439,0.6763307717243128,2595.830481368708,1.7880217425033123,0.2065324642245675,0.47467499466273333,0.43662905530629714,0.38689826450397524,0.26566749683197255,23.835618802539507
1472,coastal_high,region_3,255.3110961576219,27147,27.616017472857678,5.069136457118964,1.276506840162586,2387.9003950254723,2.2879001643921812,0.07727484796065527,0.4584164253202218,0.48394750805718373,0.40396284173187236,0.4663438744478798,32.49754484105383
1473,coastal_mod,region_1,129.40788086145218,30662,21.773776639898365,33.80632698317962,7.105664493756371,2528.9004903811356,1.7505493926298115,0.07732809581579983,0.3588232288435588,0.5217392079201354,0.3845480538367375,0.3663443483038771,23.536331857840427
1474,coastal_mod,region_5,245.91803134341987,31859,31.647179474547716,17.241959450436692,5.754049756131949,2024.5286640996635,1.5200660717811565,0.17329393797371956,0.5305455690731677,0.4582578822498829,0.49384233164075714,0.4465861475971035,22.359937923007383
1475,coastal_mod,region_2,239.80637251714165,13834,42.718808588842585,80.79670497776956,5.208800133609784,2307.735904556945,1.3773150935659724,0.2441056230336136,0.5729595418385394,0.5674099695477344,0.6635527312507699,0.5253057960070717,37.516084798807526
1476,coastal_mod,region_5,288.5658304105772,32051,46.50627865569798,32.75421571197494,2.251867594577111,2268.3648577614113,1.199569472127123,0.1000556523031709,0.5746443008758158,0.6901582835163153,0.5924756355938319,0.6632944157772224,36.18948450868588
1477,urban,region_2,74.67620977722564,240566,8.680583738264712,23.69190002145388,1.8687249734486762,1989.4492669913363,1.5492525616298054,0.15756842616728056,0.5656539143584589,0.6426720950626408,0.5519615293435269,0.5009867470784918,27.673513176617753
1478,coastal_mod,region_5,212.8858529657737,2217,34.01211894482066,136.31574043719402,6.023591874399475,1891.5463821361527,1.0469239663855894,0.09054432504106981,0.5151098781542278,0.4691731605644788,0.42599450885018775,0.33471632108422494,27.00659150248466
1479,coastal_mod,region_3,227.07584929424587,14946,29.59073930049661,3.6585794220952366,4.543123076382319,2050.4344696469634,1.4728375433285368,0.11413057660594228,0.5560411395049436,0.5972455737120373,0.5109581942648705,0.6293335783274049,31.164336897508225
1480,coastal_mod,region_3,280.8835478413997,52218,39.69040934018883,41.80104649884635,4.982081358593898,2855.7676239442117,1.4076547199159946,0.16036059342929984,0.6226628376373453,0.5844473740722499,0.6117265866322528,0.5406758353881137,34.11887273590405
1481,coastal_high,region_2,272.07072541665934,7993,35.02223263322997,4.251000772371541,2.9253399581374526,3044.9791453064713,2.537683307862913,0.12544113783347463,0.5230126649912653,0.363554719374627,0.42949642768208296,0.4163906759804262,20.491067029621785
1482,coastal_mod,region_5,172.0577585125345,24104,37.06627789910375,99.67450242060553,2.786567361337636,2557.1360559486925,1.2251753716793328,0.08640494132095425,0.47095660643730775,0.417335003409931,0.2885991655689022,0.3654815753198327,22.120878078327582
1483,coastal_high,region_1,173.74595575919395,151256,34.151544917766174,5.842294446586078,2.4022425876124616,2285.414517290074,2.050679256432065,0.08370265315021472,0.5296276571019867,0.6057333222540359,0.6028318450804966,0.645062830973092,39.63791344911888
1484,inland_flood,region_3,50.187368521268816,9813,47.73981289531149,88.93195023056892,53.53741045233379,1568.6932181099332,0.627440538810573,0.05719954478414212,0.41494102718680004,0.36075776147417093,0.3819708975198912,0.3271571432273364,17.313360052710976
1485,coastal_high,region_2,292.48881072713135,36385,50.308544845966686,29.97704580369884,0.7057798377808273,3038.5976863034484,2.331185282380123,0.17433479093146348,0.508599945405873,0.4746466562995955,0.5139221987667035,0.4729973662907601,33.917590506957445
1486,urban,region_3,76.50523881102805,122711,60.32327145427423,5.535236364345144,0.7933249797988756,2371.430178134983,1.1728552470903255,0.17997241002979927,0.5615912288909742,0.6943937746243485,0.4536314700081875,0.508852722654927,38.629149092870264
1487,coastal_mod,region_2,217.42086553538763,80966,27.38285148303392,55.884765860810134,4.928087135911685,2248.037141838893,1.1413778068190445,0.18057023904618533,0.5544291206306078,0.4034303394333075,0.3847883446756391,0.5318446071839167,21.83103796041033
1488,mountain,region_4,238.73850144159374,9182,61.69964209981956,648.0791698213678,65.7139363653088,2214.7300562082696,0.6699551199968155,0.6654718845268932,0.4180138908085337,0.3541751198318703,0.37000181684956623,0.4392572173919719,18.929857533437733
1489,coastal_mod,region_2,132.3646513834143,22863,52.85524397139925,63.82256579793698,5.563826771846997,1687.619371017739,1.5611316489388725,0.20137401277744466,0.3885836002637659,0.341070375408817,0.3451137666171062,0.38951587477043864,10.917541411975717
1490,coastal_high,region_1,63.3581160087174,122868,35.20349202321433,15.31474884962183,2.102181485215206,2946.960177751401,1.869111850083081,0.18559723597389335,0.32529106082073267,0.37853840846307746,0.36378937627368035,0.3096600674119108,19.29313408049885
1491,mountain,region_1,56.68811526590603,17949,24.39598379919144,1345.0146512099961,84.65525613831932,2993.0675574829547,0.5957502105060951,0.7230500926252177,0.3606481989993532,0.33019318114880053,0.35329048384705025,0.2693928210097025,18.61299282193971
1492,inland_flood,region_4,256.94880027047753,8950,35.43263920016579,61.85409438210761,52.18382701037587,1796.2722714526417,1.268908427655215,0.14320181032704826,0.36684774271285947,0.37331248213282586,0.31668727595780466,0.31445089680716276,8.049724155090795
1493,inland_flood,region_2,153.22694602455445,10744,33.2975207745713,89.47023116327651,57.59281146007446,1771.220119778113,0.9501638272511583,0.11905325509391357,0.49430338113269967,0.514607214484313,0.5153268514681438,0.40525551751572264,22.32968723332094
1494,coastal_mod,region_2,27.04109461148001,32726,41.80484571096134,62.98737310064298,3.7488395504005965,2634.3716737530813,1.686633525795292,0.16067045336458508,0.3822003152217236,0.40463722996349527,0.4368971928112035,0.37462577946222236,22.28834084603433
1495,inland_flood,region_4,215.1058418288666,10945,48.130389200492004,56.70934058160289,72.64223635694432,1807.4406611319555,0.8921932554072504,0.23181886497970694,0.5408312192666491,0.5503669561120905,0.5375224463957151,0.6582527659657879,30.79386580696408
1496,mountain,region_2,75.05131584150888,1472,31.48584139629443,743.1180189478928,39.11214902997138,3289.5301039281912,0.8996622301810104,0.7694264555277976,0.39599853323262313,0.4256366170669327,0.41563099245448526,0.374299292308003,18.500528855271853
1497,inland_flood,region_2,262.9184252252638,17281,19.165566090879825,98.87087070101225,78.78908956584593,1967.284472640287,1.046889781580865,0.13885706103318188,0.5439121375206196,0.5114565649877723,0.4941193192106014,0.4853510296322081,31.741692293657895
1498,coastal_high,region_2,92.87153580899258,9583,47.1298025718189,16.407197362378025,0.10035273422484381,2445.37531725334,2.616185880144047,0.17720780121217367,0.45370176493213715,0.3452380570039214,0.34484833618761673,0.4830136218553861,27.044253620074258
1499,inland_flood,region_2,60.08124902704294,65711,41.11609970010085,57.65731751234523,32.485781353783054,2013.532400364019,1.391761847863081,0.0959009610669707,0.5447907278140216,0.45747183858727597,0.503132330097529,0.49919641114466407,34.40987776614
